dataset,modelo,instance,original_time_milp,original_len_milp,original_explanation,relaxed_time_milp_relaxed,relaxed_len_milp_relaxed,relaxed_explanation
iris,model_1layers_20neurons.h5,0,0.0453546047210693,3,"{'x_1': 0.3749999999999998, 'x_2': 0.6071428571428571, 'x_3': 0.5000000000000001}",0.0607256889343261,4,"{'x_0': 0.4375, 'x_1': 0.3749999999999998, 'x_2': 0.6071428571428571, 'x_3': 0.5000000000000001}"
iris,model_1layers_20neurons.h5,1,0.0348470211029052,3,"{'x_1': 1.0, 'x_2': 0.0714285714285714, 'x_3': 0.0909090909090909}",0.0524957180023193,3,"{'x_1': 1.0, 'x_2': 0.0714285714285714, 'x_3': 0.0909090909090909}"
iris,model_1layers_20neurons.h5,2,0.0614326000213623,2,"{'x_2': 1.0, 'x_3': 1.0}",0.0693285465240478,4,"{'x_0': 0.9375, 'x_1': 0.25, 'x_2': 1.0, 'x_3': 1.0}"
iris,model_1layers_20neurons.h5,3,0.0390985012054443,4,"{'x_0': 0.40625, 'x_1': 0.4374999999999998, 'x_2': 0.5714285714285714, 'x_3': 0.6363636363636365}",0.070634126663208,4,"{'x_0': 0.40625, 'x_1': 0.4374999999999998, 'x_2': 0.5714285714285714, 'x_3': 0.6363636363636365}"
iris,model_1layers_20neurons.h5,4,0.0328555107116699,4,"{'x_0': 0.65625, 'x_1': 0.3749999999999998, 'x_2': 0.6249999999999999, 'x_3': 0.5909090909090909}",0.0589747428894043,4,"{'x_0': 0.65625, 'x_1': 0.3749999999999998, 'x_2': 0.6249999999999999, 'x_3': 0.5909090909090909}"
iris,model_1layers_20neurons.h5,5,0.0352232456207275,3,"{'x_1': 0.75, 'x_2': 0.0357142857142856, 'x_3': 0.1363636363636363}",0.0519261360168457,3,"{'x_1': 0.75, 'x_2': 0.0357142857142856, 'x_3': 0.1363636363636363}"
iris,model_1layers_20neurons.h5,6,0.0433020591735839,3,"{'x_1': 0.4374999999999998, 'x_2': 0.4107142857142857, 'x_3': 0.5454545454545455}",0.057837963104248,4,"{'x_0': 0.28125, 'x_1': 0.4374999999999998, 'x_2': 0.4107142857142857, 'x_3': 0.5454545454545455}"
iris,model_1layers_20neurons.h5,7,0.0467619895935058,3,"{'x_1': 0.5625, 'x_2': 0.6785714285714284, 'x_3': 1.0}",0.0494310855865478,4,"{'x_0': 0.6875, 'x_1': 0.5625, 'x_2': 0.6785714285714284, 'x_3': 1.0}"
iris,model_1layers_20neurons.h5,8,0.0354499816894531,4,"{'x_0': 0.46875, 'x_1': 0.0, 'x_2': 0.5714285714285714, 'x_3': 0.6363636363636365}",0.0506060123443603,4,"{'x_0': 0.46875, 'x_1': 0.0, 'x_2': 0.5714285714285714, 'x_3': 0.6363636363636365}"
iris,model_1layers_20neurons.h5,9,0.03759765625,3,"{'x_1': 0.3125, 'x_2': 0.4642857142857142, 'x_3': 0.5000000000000001}",0.0706896781921386,4,"{'x_0': 0.34375, 'x_1': 0.3125, 'x_2': 0.4642857142857142, 'x_3': 0.5000000000000001}"
iris,model_1layers_20neurons.h5,10,0.0383942127227783,3,"{'x_1': 0.625, 'x_2': 0.6785714285714284, 'x_3': 0.8636363636363638}",0.0562419891357421,4,"{'x_0': 0.5625, 'x_1': 0.625, 'x_2': 0.6785714285714284, 'x_3': 0.8636363636363638}"
iris,model_1layers_20neurons.h5,11,0.0350472927093505,3,"{'x_1': 0.5, 'x_2': 0.0178571428571428, 'x_3': 0.0}",0.0567514896392822,3,"{'x_1': 0.5, 'x_2': 0.0178571428571428, 'x_3': 0.0}"
iris,model_1layers_20neurons.h5,12,0.0356092453002929,3,"{'x_1': 0.8125, 'x_2': 0.0, 'x_3': 0.0454545454545454}",0.0573744773864746,3,"{'x_1': 0.8125, 'x_2': 0.0, 'x_3': 0.0454545454545454}"
iris,model_1layers_20neurons.h5,13,0.0355665683746337,3,"{'x_1': 0.5625, 'x_2': 0.0357142857142856, 'x_3': 0.0}",0.0624434947967529,3,"{'x_1': 0.5625, 'x_2': 0.0357142857142856, 'x_3': 0.0}"
iris,model_1layers_20neurons.h5,14,0.0333218574523925,2,"{'x_1': 1.0, 'x_2': 0.0357142857142856}",0.0537679195404052,3,"{'x_1': 1.0, 'x_2': 0.0357142857142856, 'x_3': 0.0909090909090909}"
iris,model_1layers_20neurons.h5,15,0.0338470935821533,3,"{'x_1': 0.6875, 'x_2': 0.6071428571428571, 'x_3': 0.681818181818182}",0.0511815547943115,4,"{'x_0': 0.5, 'x_1': 0.6875, 'x_2': 0.6071428571428571, 'x_3': 0.681818181818182}"
iris,model_1layers_20neurons.h5,16,0.0374271869659423,3,"{'x_1': 0.5, 'x_2': 0.8035714285714285, 'x_3': 0.9545454545454548}",0.054307222366333,4,"{'x_0': 0.5625, 'x_1': 0.5, 'x_2': 0.8035714285714285, 'x_3': 0.9545454545454548}"
iris,model_1layers_20neurons.h5,17,0.0351076126098632,3,"{'x_1': 0.1874999999999997, 'x_2': 0.4642857142857142, 'x_3': 0.4545454545454546}",0.061547040939331,4,"{'x_0': 0.28125, 'x_1': 0.1874999999999997, 'x_2': 0.4642857142857142, 'x_3': 0.4545454545454546}"
iris,model_1layers_20neurons.h5,18,0.0354878902435302,3,"{'x_1': 0.3749999999999998, 'x_2': 0.5714285714285714, 'x_3': 0.5454545454545455}",0.0582973957061767,4,"{'x_0': 0.3125, 'x_1': 0.3749999999999998, 'x_2': 0.5714285714285714, 'x_3': 0.5454545454545455}"
iris,model_1layers_20neurons.h5,19,0.0365822315216064,3,"{'x_1': 0.3749999999999998, 'x_2': 0.7678571428571427, 'x_3': 0.9545454545454548}",0.0514070987701416,4,"{'x_0': 0.53125, 'x_1': 0.3749999999999998, 'x_2': 0.7678571428571427, 'x_3': 0.9545454545454548}"
iris,model_1layers_20neurons.h5,20,0.03448486328125,3,"{'x_1': 0.625, 'x_2': 0.0535714285714285, 'x_3': 0.0454545454545454}",0.0599169731140136,3,"{'x_1': 0.625, 'x_2': 0.0535714285714285, 'x_3': 0.0454545454545454}"
iris,model_1layers_20neurons.h5,21,0.0337166786193847,4,"{'x_0': 0.4375, 'x_1': 0.5, 'x_2': 0.6428571428571429, 'x_3': 0.7727272727272728}",0.0475459098815918,4,"{'x_0': 0.4375, 'x_1': 0.5, 'x_2': 0.6428571428571429, 'x_3': 0.7727272727272728}"
iris,model_1layers_20neurons.h5,22,0.0311737060546875,3,"{'x_1': 0.75, 'x_2': 0.0535714285714285, 'x_3': 0.1363636363636363}",0.0560224056243896,3,"{'x_1': 0.75, 'x_2': 0.0535714285714285, 'x_3': 0.1363636363636363}"
iris,model_1layers_20neurons.h5,23,0.0401251316070556,3,"{'x_1': 0.3749999999999998, 'x_2': 0.7678571428571427, 'x_3': 0.9090909090909092}",0.0494430065155029,4,"{'x_0': 0.53125, 'x_1': 0.3749999999999998, 'x_2': 0.7678571428571427, 'x_3': 0.9090909090909092}"
iris,model_1layers_20neurons.h5,24,0.0418851375579834,3,"{'x_0': 1.0, 'x_2': 0.9107142857142856, 'x_3': 0.8636363636363638}",0.0548717975616455,4,"{'x_0': 1.0, 'x_1': 1.0, 'x_2': 0.9107142857142856, 'x_3': 0.8636363636363638}"
iris,model_1layers_20neurons.h5,25,0.0415592193603515,3,"{'x_1': 0.5, 'x_2': 0.6964285714285714, 'x_3': 1.0}",0.0500335693359375,4,"{'x_0': 0.625, 'x_1': 0.5, 'x_2': 0.6964285714285714, 'x_3': 1.0}"
iris,model_1layers_20neurons.h5,26,0.0465493202209472,3,"{'x_1': 0.1874999999999997, 'x_2': 0.8035714285714285, 'x_3': 0.7727272727272728}",0.0566334724426269,4,"{'x_0': 0.625, 'x_1': 0.1874999999999997, 'x_2': 0.8035714285714285, 'x_3': 0.7727272727272728}"
iris,model_1layers_20neurons.h5,27,0.0414881706237793,2,"{'x_2': 0.8214285714285715, 'x_3': 1.0}",0.0539913177490234,4,"{'x_0': 0.65625, 'x_1': 0.625, 'x_2': 0.8214285714285715, 'x_3': 1.0}"
iris,model_1layers_20neurons.h5,28,0.0347893238067626,3,"{'x_1': 0.5, 'x_2': 0.0178571428571428, 'x_3': 0.0909090909090909}",0.0522854328155517,3,"{'x_1': 0.5, 'x_2': 0.0178571428571428, 'x_3': 0.0909090909090909}"
iris,model_1layers_20neurons.h5,29,0.0340614318847656,3,"{'x_1': 0.5625, 'x_2': 0.0535714285714285, 'x_3': 0.0454545454545454}",0.1846318244934082,3,"{'x_1': 0.5625, 'x_2': 0.0535714285714285, 'x_3': 0.0454545454545454}"
iris,model_1layers_20neurons.h5,30,0.0327045917510986,3,"{'x_1': 0.6666666666666667, 'x_2': 0.0, 'x_3': 0.0416666666666666}",0.1331818103790283,3,"{'x_1': 0.6666666666666667, 'x_2': 0.0, 'x_3': 0.0416666666666666}"
iris,model_1layers_20neurons.h5,31,0.044288158416748,3,"{'x_1': 1.0, 'x_2': 0.087719298245614, 'x_3': 0.125}",0.0975000858306884,3,"{'x_1': 1.0, 'x_2': 0.087719298245614, 'x_3': 0.125}"
iris,model_1layers_20neurons.h5,32,0.0592081546783447,3,"{'x_1': 0.4583333333333332, 'x_2': 0.5964912280701755, 'x_3': 0.5416666666666667}",0.094938039779663,4,"{'x_0': 0.7058823529411764, 'x_1': 0.4583333333333332, 'x_2': 0.5964912280701755, 'x_3': 0.5416666666666667}"
iris,model_1layers_20neurons.h5,33,0.0780537128448486,3,"{'x_1': 0.5833333333333333, 'x_2': 0.1052631578947368, 'x_3': 0.0416666666666666}",0.13084077835083,3,"{'x_1': 0.5833333333333333, 'x_2': 0.1052631578947368, 'x_3': 0.0416666666666666}"
iris,model_1layers_20neurons.h5,34,0.0585041046142578,3,"{'x_1': 0.5, 'x_2': 0.0526315789473684, 'x_3': 0.0416666666666666}",0.0981831550598144,3,"{'x_1': 0.5, 'x_2': 0.0526315789473684, 'x_3': 0.0416666666666666}"
iris,model_1layers_20neurons.h5,35,0.0569195747375488,4,"{'x_0': 0.588235294117647, 'x_1': 0.2083333333333332, 'x_2': 0.7017543859649122, 'x_3': 0.75}",0.0667054653167724,4,"{'x_0': 0.588235294117647, 'x_1': 0.2083333333333332, 'x_2': 0.7017543859649122, 'x_3': 0.75}"
iris,model_1layers_20neurons.h5,36,0.0580461025238037,3,"{'x_1': 0.5, 'x_2': 0.6140350877192983, 'x_3': 0.5833333333333334}",0.0676636695861816,4,"{'x_0': 0.6176470588235294, 'x_1': 0.5, 'x_2': 0.6140350877192983, 'x_3': 0.5833333333333334}"
iris,model_1layers_20neurons.h5,37,0.0368857383728027,3,"{'x_1': 0.625, 'x_2': 0.087719298245614, 'x_3': 0.0416666666666666}",0.0612728595733642,3,"{'x_1': 0.625, 'x_2': 0.087719298245614, 'x_3': 0.0416666666666666}"
iris,model_1layers_20neurons.h5,38,0.051084280014038,3,"{'x_1': 0.6666666666666667, 'x_2': 0.0701754385964912, 'x_3': 0.0416666666666666}",0.059227705001831,3,"{'x_1': 0.6666666666666667, 'x_2': 0.0701754385964912, 'x_3': 0.0416666666666666}"
iris,model_1layers_20neurons.h5,39,0.0363657474517822,3,"{'x_1': 0.8749999999999998, 'x_2': 0.087719298245614, 'x_3': 0.0}",0.0549392700195312,3,"{'x_1': 0.8749999999999998, 'x_2': 0.087719298245614, 'x_3': 0.0}"
iris,model_1layers_20neurons.h5,40,0.0451693534851074,4,"{'x_0': 0.4411764705882353, 'x_1': 0.2916666666666667, 'x_2': 0.719298245614035, 'x_3': 0.75}",0.059943675994873,4,"{'x_0': 0.4411764705882353, 'x_1': 0.2916666666666667, 'x_2': 0.719298245614035, 'x_3': 0.75}"
iris,model_1layers_20neurons.h5,41,0.0493030548095703,3,"{'x_1': 0.5833333333333333, 'x_2': 0.6140350877192983, 'x_3': 0.6250000000000001}",0.0631463527679443,4,"{'x_0': 0.5, 'x_1': 0.5833333333333333, 'x_2': 0.6140350877192983, 'x_3': 0.6250000000000001}"
iris,model_1layers_20neurons.h5,42,0.0377700328826904,4,"{'x_0': 0.7058823529411764, 'x_1': 0.4583333333333332, 'x_2': 0.6491228070175439, 'x_3': 0.5833333333333334}",0.0615670680999755,4,"{'x_0': 0.7058823529411764, 'x_1': 0.4583333333333332, 'x_2': 0.6491228070175439, 'x_3': 0.5833333333333334}"
iris,model_1layers_20neurons.h5,43,0.0360631942749023,3,"{'x_1': 0.7916666666666665, 'x_2': 0.0526315789473684, 'x_3': 0.125}",0.0553424358367919,3,"{'x_1': 0.7916666666666665, 'x_2': 0.0526315789473684, 'x_3': 0.125}"
iris,model_1layers_20neurons.h5,44,0.0426616668701171,3,"{'x_1': 0.7083333333333333, 'x_2': 0.087719298245614, 'x_3': 0.0416666666666666}",0.0550220012664794,3,"{'x_1': 0.7083333333333333, 'x_2': 0.087719298245614, 'x_3': 0.0416666666666666}"
iris,model_1layers_20neurons.h5,45,0.0365395545959472,3,"{'x_1': 0.1666666666666666, 'x_2': 0.4736842105263158, 'x_3': 0.375}",0.0581769943237304,4,"{'x_0': 0.3529411764705883, 'x_1': 0.1666666666666666, 'x_2': 0.4736842105263158, 'x_3': 0.375}"
iris,model_1layers_20neurons.h5,46,0.0370821952819824,4,"{'x_0': 0.588235294117647, 'x_1': 0.3333333333333332, 'x_2': 0.719298245614035, 'x_3': 0.5833333333333334}",0.2328178882598877,4,"{'x_0': 0.588235294117647, 'x_1': 0.3333333333333332, 'x_2': 0.719298245614035, 'x_3': 0.5833333333333334}"
iris,model_1layers_20neurons.h5,47,0.0354130268096923,4,"{'x_0': 0.6176470588235294, 'x_1': 0.4583333333333332, 'x_2': 0.7894736842105262, 'x_3': 0.7083333333333334}",0.0545461177825927,4,"{'x_0': 0.6176470588235294, 'x_1': 0.4583333333333332, 'x_2': 0.7894736842105262, 'x_3': 0.7083333333333334}"
iris,model_1layers_20neurons.h5,48,0.0510761737823486,3,"{'x_1': 0.4166666666666667, 'x_2': 0.5964912280701755, 'x_3': 0.5416666666666667}",0.0627012252807617,4,"{'x_0': 0.6764705882352939, 'x_1': 0.4166666666666667, 'x_2': 0.5964912280701755, 'x_3': 0.5416666666666667}"
iris,model_1layers_20neurons.h5,49,0.0470194816589355,2,"{'x_2': 0.8947368421052629, 'x_3': 1.0}",0.0570340156555175,4,"{'x_0': 0.8529411764705881, 'x_1': 0.6666666666666667, 'x_2': 0.8947368421052629, 'x_3': 1.0}"
iris,model_1layers_20neurons.h5,50,0.044450044631958,3,"{'x_1': 0.375, 'x_2': 0.5614035087719298, 'x_3': 0.5000000000000001}",0.0601191520690918,4,"{'x_0': 0.411764705882353, 'x_1': 0.375, 'x_2': 0.5614035087719298, 'x_3': 0.5000000000000001}"
iris,model_1layers_20neurons.h5,51,0.048954963684082,3,"{'x_1': 0.4166666666666667, 'x_2': 0.982456140350877, 'x_3': 0.8333333333333335}",0.0591077804565429,4,"{'x_0': 0.9705882352941176, 'x_1': 0.4166666666666667, 'x_2': 0.982456140350877, 'x_3': 0.8333333333333335}"
iris,model_1layers_20neurons.h5,52,0.0399808883666992,4,"{'x_0': 0.3823529411764705, 'x_1': 0.4166666666666667, 'x_2': 0.6140350877192983, 'x_3': 0.5833333333333334}",0.0952019691467285,4,"{'x_0': 0.3823529411764705, 'x_1': 0.4166666666666667, 'x_2': 0.6140350877192983, 'x_3': 0.5833333333333334}"
iris,model_1layers_20neurons.h5,53,0.0830140113830566,3,"{'x_1': 0.625, 'x_2': 0.0701754385964912, 'x_3': 0.0416666666666666}",0.0683896541595459,3,"{'x_1': 0.625, 'x_2': 0.0701754385964912, 'x_3': 0.0416666666666666}"
iris,model_1layers_20neurons.h5,54,0.0525565147399902,3,"{'x_1': 0.3333333333333332, 'x_2': 1.0, 'x_3': 0.7916666666666667}",0.0723044872283935,4,"{'x_0': 0.9999999999999998, 'x_1': 0.3333333333333332, 'x_2': 1.0, 'x_3': 0.7916666666666667}"
iris,model_1layers_20neurons.h5,55,0.0334527492523193,3,"{'x_1': 0.2916666666666667, 'x_2': 0.5438596491228069, 'x_3': 0.375}",0.069521427154541,4,"{'x_0': 0.4411764705882353, 'x_1': 0.2916666666666667, 'x_2': 0.5438596491228069, 'x_3': 0.375}"
iris,model_1layers_20neurons.h5,56,0.041621446609497,3,"{'x_1': 0.5833333333333333, 'x_2': 0.0701754385964912, 'x_3': 0.0416666666666666}",0.068249225616455,3,"{'x_1': 0.5833333333333333, 'x_2': 0.0701754385964912, 'x_3': 0.0416666666666666}"
iris,model_1layers_20neurons.h5,57,0.0323612689971923,3,"{'x_1': 0.625, 'x_2': 0.0526315789473684, 'x_3': 0.0833333333333333}",0.101778507232666,3,"{'x_1': 0.625, 'x_2': 0.0526315789473684, 'x_3': 0.0833333333333333}"
iris,model_1layers_20neurons.h5,58,0.0547549724578857,3,"{'x_1': 0.7499999999999998, 'x_2': 0.1578947368421052, 'x_3': 0.125}",0.0740349292755127,3,"{'x_1': 0.7499999999999998, 'x_2': 0.1578947368421052, 'x_3': 0.125}"
iris,model_1layers_20neurons.h5,59,0.0400497913360595,3,"{'x_0': 0.2058823529411764, 'x_1': 0.0, 'x_3': 0.375}",0.0804705619812011,4,"{'x_0': 0.2058823529411764, 'x_1': 0.0, 'x_2': 0.4385964912280701, 'x_3': 0.375}"
iris,model_1layers_20neurons.h5,60,0.0421245098114013,4,"{'x_0': 0.588235294117647, 'x_1': 0.2916666666666667, 'x_2': 0.6842105263157895, 'x_3': 0.7083333333333334}",0.0650694370269775,4,"{'x_0': 0.588235294117647, 'x_1': 0.2916666666666667, 'x_2': 0.6842105263157895, 'x_3': 0.7083333333333334}"
iris,model_1layers_20neurons.h5,61,0.0410037040710449,3,"{'x_1': 0.5833333333333333, 'x_2': 0.1578947368421052, 'x_3': 0.0416666666666666}",0.0698504447937011,3,"{'x_1': 0.5833333333333333, 'x_2': 0.1578947368421052, 'x_3': 0.0416666666666666}"
iris,model_1layers_20neurons.h5,62,0.0372090339660644,3,"{'x_0': 0.2058823529411764, 'x_2': 0.1052631578947368, 'x_3': 0.0416666666666666}",0.0583245754241943,4,"{'x_0': 0.2058823529411764, 'x_1': 0.4166666666666667, 'x_2': 0.1052631578947368, 'x_3': 0.0416666666666666}"
iris,model_1layers_20neurons.h5,63,0.0395781993865966,3,"{'x_1': 0.5416666666666665, 'x_2': 0.1228070175438596, 'x_3': 0.1666666666666666}",0.0500473976135253,4,"{'x_0': 0.2352941176470586, 'x_1': 0.5416666666666665, 'x_2': 0.1228070175438596, 'x_3': 0.1666666666666666}"
iris,model_1layers_20neurons.h5,64,0.0429155826568603,3,"{'x_1': 0.2916666666666667, 'x_2': 0.5614035087719298, 'x_3': 0.5000000000000001}",0.0599567890167236,4,"{'x_0': 0.3823529411764705, 'x_1': 0.2916666666666667, 'x_2': 0.5614035087719298, 'x_3': 0.5000000000000001}"
iris,model_1layers_20neurons.h5,65,0.0377957820892334,3,"{'x_1': 0.5833333333333333, 'x_2': 0.087719298245614, 'x_3': 0.0416666666666666}",0.1023914813995361,3,"{'x_1': 0.5833333333333333, 'x_2': 0.087719298245614, 'x_3': 0.0416666666666666}"
iris,model_1layers_20neurons.h5,66,0.0376267433166503,3,"{'x_1': 0.4166666666666667, 'x_2': 0.5614035087719298, 'x_3': 0.4583333333333333}",0.0913145542144775,4,"{'x_0': 0.411764705882353, 'x_1': 0.4166666666666667, 'x_2': 0.5614035087719298, 'x_3': 0.4583333333333333}"
iris,model_1layers_20neurons.h5,67,0.0484366416931152,2,"{'x_2': 1.0, 'x_3': 0.8750000000000001}",0.0683932304382324,4,"{'x_0': 0.9999999999999998, 'x_1': 0.7499999999999998, 'x_2': 1.0, 'x_3': 0.8750000000000001}"
iris,model_1layers_20neurons.h5,68,0.0353767871856689,3,"{'x_1': 0.5, 'x_2': 0.0701754385964912, 'x_3': 0.0416666666666666}",0.0525529384613037,3,"{'x_1': 0.5, 'x_2': 0.0701754385964912, 'x_3': 0.0416666666666666}"
iris,model_1layers_20neurons.h5,69,0.0427818298339843,3,"{'x_1': 0.375, 'x_2': 0.5789473684210525, 'x_3': 0.5000000000000001}",0.0670111179351806,4,"{'x_0': 0.5588235294117647, 'x_1': 0.375, 'x_2': 0.5789473684210525, 'x_3': 0.5000000000000001}"
iris,model_1layers_20neurons.h5,70,0.048872947692871,3,"{'x_1': 0.2083333333333332, 'x_2': 0.7017543859649122, 'x_3': 0.7916666666666667}",0.0641946792602539,4,"{'x_0': 0.411764705882353, 'x_1': 0.2083333333333332, 'x_2': 0.7017543859649122, 'x_3': 0.7916666666666667}"
iris,model_1layers_20neurons.h5,71,0.0335524082183837,3,"{'x_1': 0.9166666666666669, 'x_2': 0.0701754385964912, 'x_3': 0.0416666666666666}",0.0663080215454101,3,"{'x_1': 0.9166666666666669, 'x_2': 0.0701754385964912, 'x_3': 0.0416666666666666}"
iris,model_1layers_20neurons.h5,72,0.0439870357513427,4,"{'x_0': 0.5, 'x_1': 0.4166666666666667, 'x_2': 0.6666666666666666, 'x_3': 0.7083333333333334}",0.0757784843444824,4,"{'x_0': 0.5, 'x_1': 0.4166666666666667, 'x_2': 0.6666666666666666, 'x_3': 0.7083333333333334}"
iris,model_1layers_20neurons.h5,73,0.0445878505706787,4,"{'x_0': 0.4411764705882353, 'x_1': 0.2916666666666667, 'x_2': 0.719298245614035, 'x_3': 0.75}",0.0675940513610839,4,"{'x_0': 0.4411764705882353, 'x_1': 0.2916666666666667, 'x_2': 0.719298245614035, 'x_3': 0.75}"
iris,model_1layers_20neurons.h5,74,0.0437879562377929,4,"{'x_0': 0.5, 'x_1': 0.0833333333333333, 'x_2': 0.5263157894736842, 'x_3': 0.375}",0.0949568748474121,4,"{'x_0': 0.5, 'x_1': 0.0833333333333333, 'x_2': 0.5263157894736842, 'x_3': 0.375}"
iris,model_1layers_20neurons.h5,75,0.0350003242492675,4,"{'x_0': 0.323529411764706, 'x_1': 0.4166666666666667, 'x_2': 0.6140350877192983, 'x_3': 0.5833333333333334}",0.0886750221252441,4,"{'x_0': 0.323529411764706, 'x_1': 0.4166666666666667, 'x_2': 0.6140350877192983, 'x_3': 0.5833333333333334}"
iris,model_1layers_20neurons.h5,76,0.0551600456237793,3,"{'x_1': 0.5833333333333333, 'x_2': 0.7719298245614036, 'x_3': 0.9166666666666666}",0.0676274299621582,4,"{'x_0': 0.5588235294117647, 'x_1': 0.5833333333333333, 'x_2': 0.7719298245614036, 'x_3': 0.9166666666666666}"
iris,model_1layers_20neurons.h5,77,0.0465798377990722,4,"{'x_0': 0.3529411764705883, 'x_1': 0.1249999999999998, 'x_2': 0.5263157894736842, 'x_3': 0.5000000000000001}",0.0933220386505127,4,"{'x_0': 0.3529411764705883, 'x_1': 0.1249999999999998, 'x_2': 0.5263157894736842, 'x_3': 0.5000000000000001}"
iris,model_1layers_20neurons.h5,78,0.0393879413604736,3,"{'x_1': 0.7916666666666665, 'x_2': 0.1228070175438596, 'x_3': 0.125}",0.0777091979980468,3,"{'x_1': 0.7916666666666665, 'x_2': 0.1228070175438596, 'x_3': 0.125}"
iris,model_1layers_20neurons.h5,79,0.0439264774322509,3,"{'x_1': 0.1249999999999998, 'x_2': 0.4035087719298245, 'x_3': 0.375}",0.0706045627593994,4,"{'x_0': 0.2058823529411764, 'x_1': 0.1249999999999998, 'x_2': 0.4035087719298245, 'x_3': 0.375}"
iris,model_1layers_20neurons.h5,80,0.0473051071166992,4,"{'x_0': 0.6176470588235294, 'x_1': 0.2916666666666667, 'x_2': 0.7543859649122806, 'x_3': 0.75}",0.08571457862854,4,"{'x_0': 0.6176470588235294, 'x_1': 0.2916666666666667, 'x_2': 0.7543859649122806, 'x_3': 0.75}"
iris,model_1layers_20neurons.h5,81,0.0362322330474853,3,"{'x_1': 0.5416666666666665, 'x_2': 0.0701754385964912, 'x_3': 0.0416666666666666}",0.0649070739746093,3,"{'x_1': 0.5416666666666665, 'x_2': 0.0701754385964912, 'x_3': 0.0416666666666666}"
iris,model_1layers_20neurons.h5,82,0.0409815311431884,3,"{'x_1': 0.5, 'x_2': 0.0350877192982456, 'x_3': 0.0416666666666666}",0.0948636531829834,3,"{'x_1': 0.5, 'x_2': 0.0350877192982456, 'x_3': 0.0416666666666666}"
iris,model_1layers_20neurons.h5,83,0.0486848354339599,3,"{'x_1': 0.1666666666666666, 'x_2': 0.4912280701754385, 'x_3': 0.4166666666666667}",0.1308064460754394,4,"{'x_0': 0.3529411764705883, 'x_1': 0.1666666666666666, 'x_2': 0.4912280701754385, 'x_3': 0.4166666666666667}"
iris,model_1layers_20neurons.h5,84,0.0748147964477539,4,"{'x_0': 0.7058823529411764, 'x_1': 0.4166666666666667, 'x_2': 0.7017543859649122, 'x_3': 0.6666666666666667}",0.0705068111419677,4,"{'x_0': 0.7058823529411764, 'x_1': 0.4166666666666667, 'x_2': 0.7017543859649122, 'x_3': 0.6666666666666667}"
iris,model_1layers_20neurons.h5,85,0.0459825992584228,3,"{'x_1': 0.4583333333333332, 'x_2': 0.087719298245614, 'x_3': 0.0416666666666666}",0.0709054470062255,3,"{'x_0': 0.1764705882352943, 'x_2': 0.087719298245614, 'x_3': 0.0416666666666666}"
iris,model_1layers_20neurons.h5,86,0.0647923946380615,3,"{'x_1': 0.3333333333333332, 'x_2': 0.719298245614035, 'x_3': 0.9583333333333334}",0.0527319908142089,4,"{'x_0': 0.4411764705882353, 'x_1': 0.3333333333333332, 'x_2': 0.719298245614035, 'x_3': 0.9583333333333334}"
iris,model_1layers_20neurons.h5,87,0.0440025329589843,3,"{'x_1': 0.5833333333333333, 'x_2': 0.087719298245614, 'x_3': 0.0416666666666666}",0.1487786769866943,3,"{'x_1': 0.5833333333333333, 'x_2': 0.087719298245614, 'x_3': 0.0416666666666666}"
iris,model_1layers_20neurons.h5,88,0.0604109764099121,3,"{'x_1': 0.625, 'x_2': 0.1052631578947368, 'x_3': 0.2083333333333333}",0.0874958038330078,3,"{'x_1': 0.625, 'x_2': 0.1052631578947368, 'x_3': 0.2083333333333333}"
iris,model_1layers_20neurons.h5,89,0.0394563674926757,4,"{'x_0': 0.4705882352941177, 'x_1': 0.5, 'x_2': 0.6666666666666666, 'x_3': 0.7083333333333334}",0.0762641429901123,4,"{'x_0': 0.4705882352941177, 'x_1': 0.5, 'x_2': 0.6666666666666666, 'x_3': 0.7083333333333334}"
iris,model_1layers_20neurons.h5,90,0.0507154464721679,3,"{'x_1': 0.2083333333333332, 'x_2': 0.3508771929824561, 'x_3': 0.4166666666666667}",0.0972075462341308,4,"{'x_0': 0.2352941176470586, 'x_1': 0.2083333333333332, 'x_2': 0.3508771929824561, 'x_3': 0.4166666666666667}"
iris,model_1layers_20neurons.h5,91,0.045743703842163,3,"{'x_1': 0.5, 'x_2': 0.8245614035087719, 'x_3': 0.9166666666666666}",0.1156456470489502,4,"{'x_0': 0.7647058823529413, 'x_1': 0.5, 'x_2': 0.8245614035087719, 'x_3': 0.9166666666666666}"
iris,model_1layers_20neurons.h5,92,0.0380029678344726,4,"{'x_0': 0.5, 'x_1': 0.2916666666666667, 'x_2': 0.719298245614035, 'x_3': 0.6250000000000001}",0.0686571598052978,4,"{'x_0': 0.5, 'x_1': 0.2916666666666667, 'x_2': 0.719298245614035, 'x_3': 0.6250000000000001}"
iris,model_1layers_20neurons.h5,93,0.0440437793731689,4,"{'x_0': 0.5294117647058822, 'x_1': 0.25, 'x_2': 0.807017543859649, 'x_3': 0.5416666666666667}",0.0721499919891357,4,"{'x_0': 0.5294117647058822, 'x_1': 0.25, 'x_2': 0.807017543859649, 'x_3': 0.5416666666666667}"
iris,model_1layers_20neurons.h5,94,0.0568623542785644,3,"{'x_1': 0.4166666666666667, 'x_2': 0.8947368421052629, 'x_3': 0.9166666666666666}",0.1188178062438964,4,"{'x_0': 0.9999999999999998, 'x_1': 0.4166666666666667, 'x_2': 0.8947368421052629, 'x_3': 0.9166666666666666}"
iris,model_1layers_20neurons.h5,95,0.0419971942901611,4,"{'x_0': 0.3529411764705883, 'x_1': 0.2083333333333332, 'x_2': 0.5263157894736842, 'x_3': 0.5000000000000001}",0.0755438804626464,4,"{'x_0': 0.3529411764705883, 'x_1': 0.2083333333333332, 'x_2': 0.5263157894736842, 'x_3': 0.5000000000000001}"
iris,model_1layers_20neurons.h5,96,0.0336472988128662,3,"{'x_0': 0.0294117647058824, 'x_2': 0.0701754385964912, 'x_3': 0.0416666666666666}",0.066392183303833,3,"{'x_0': 0.0294117647058824, 'x_2': 0.0701754385964912, 'x_3': 0.0416666666666666}"
iris,model_1layers_20neurons.h5,97,0.0405294895172119,3,"{'x_1': 0.4166666666666667, 'x_2': 0.0175438596491228, 'x_3': 0.0}",0.11212158203125,3,"{'x_1': 0.4166666666666667, 'x_2': 0.0175438596491228, 'x_3': 0.0}"
iris,model_1layers_20neurons.h5,98,0.0325410366058349,4,"{'x_0': 0.5, 'x_1': 0.0833333333333333, 'x_2': 0.7017543859649122, 'x_3': 0.5833333333333334}",0.0544826984405517,4,"{'x_0': 0.5, 'x_1': 0.0833333333333333, 'x_2': 0.7017543859649122, 'x_3': 0.5833333333333334}"
iris,model_1layers_20neurons.h5,99,0.0456759929656982,4,"{'x_0': 0.8529411764705881, 'x_1': 0.5, 'x_2': 0.8771929824561403, 'x_3': 0.7083333333333334}",0.0618793964385986,4,"{'x_0': 0.8529411764705881, 'x_1': 0.5, 'x_2': 0.8771929824561403, 'x_3': 0.7083333333333334}"
iris,model_2layers_20neurons.h5,0,0.240696907043457,3,"{'x_1': 0.3749999999999998, 'x_2': 0.6071428571428571, 'x_3': 0.5000000000000001}",0.265331506729126,3,"{'x_1': 0.3749999999999998, 'x_2': 0.6071428571428571, 'x_3': 0.5000000000000001}"
iris,model_2layers_20neurons.h5,1,0.1283991336822509,3,"{'x_1': 1.0, 'x_2': 0.0714285714285714, 'x_3': 0.0909090909090909}",0.0921399593353271,3,"{'x_1': 1.0, 'x_2': 0.0714285714285714, 'x_3': 0.0909090909090909}"
iris,model_2layers_20neurons.h5,2,0.1037783622741699,2,"{'x_2': 1.0, 'x_3': 1.0}",0.1428499221801757,4,"{'x_0': 0.9375, 'x_1': 0.25, 'x_2': 1.0, 'x_3': 1.0}"
iris,model_2layers_20neurons.h5,3,0.090219497680664,3,"{'x_1': 0.4374999999999998, 'x_2': 0.5714285714285714, 'x_3': 0.6363636363636365}",0.1745779514312744,4,"{'x_0': 0.40625, 'x_1': 0.4374999999999998, 'x_2': 0.5714285714285714, 'x_3': 0.6363636363636365}"
iris,model_2layers_20neurons.h5,4,0.0461025238037109,3,"{'x_1': 0.3749999999999998, 'x_2': 0.6249999999999999, 'x_3': 0.5909090909090909}",0.115776777267456,4,"{'x_0': 0.65625, 'x_1': 0.3749999999999998, 'x_2': 0.6249999999999999, 'x_3': 0.5909090909090909}"
iris,model_2layers_20neurons.h5,5,0.1028168201446533,3,"{'x_1': 0.75, 'x_2': 0.0357142857142856, 'x_3': 0.1363636363636363}",0.109875202178955,3,"{'x_1': 0.75, 'x_2': 0.0357142857142856, 'x_3': 0.1363636363636363}"
iris,model_2layers_20neurons.h5,6,0.0817716121673584,3,"{'x_1': 0.4374999999999998, 'x_2': 0.4107142857142857, 'x_3': 0.5454545454545455}",0.124741792678833,4,"{'x_0': 0.28125, 'x_1': 0.4374999999999998, 'x_2': 0.4107142857142857, 'x_3': 0.5454545454545455}"
iris,model_2layers_20neurons.h5,7,0.0715878009796142,3,"{'x_1': 0.5625, 'x_2': 0.6785714285714284, 'x_3': 1.0}",0.1419615745544433,4,"{'x_0': 0.6875, 'x_1': 0.5625, 'x_2': 0.6785714285714284, 'x_3': 1.0}"
iris,model_2layers_20neurons.h5,8,0.0681815147399902,3,"{'x_1': 0.0, 'x_2': 0.5714285714285714, 'x_3': 0.6363636363636365}",0.1052665710449218,4,"{'x_0': 0.46875, 'x_1': 0.0, 'x_2': 0.5714285714285714, 'x_3': 0.6363636363636365}"
iris,model_2layers_20neurons.h5,9,0.0585479736328125,3,"{'x_1': 0.3125, 'x_2': 0.4642857142857142, 'x_3': 0.5000000000000001}",0.1324608325958252,3,"{'x_1': 0.3125, 'x_2': 0.4642857142857142, 'x_3': 0.5000000000000001}"
iris,model_2layers_20neurons.h5,10,0.0540900230407714,4,"{'x_0': 0.5625, 'x_1': 0.625, 'x_2': 0.6785714285714284, 'x_3': 0.8636363636363638}",0.0924346446990966,4,"{'x_0': 0.5625, 'x_1': 0.625, 'x_2': 0.6785714285714284, 'x_3': 0.8636363636363638}"
iris,model_2layers_20neurons.h5,11,0.0667695999145507,2,"{'x_2': 0.0178571428571428, 'x_3': 0.0}",0.1158325672149658,3,"{'x_1': 0.5, 'x_2': 0.0178571428571428, 'x_3': 0.0}"
iris,model_2layers_20neurons.h5,12,0.1682674884796142,2,"{'x_2': 0.0, 'x_3': 0.0454545454545454}",0.1268174648284912,3,"{'x_1': 0.8125, 'x_2': 0.0, 'x_3': 0.0454545454545454}"
iris,model_2layers_20neurons.h5,13,0.1080121994018554,2,"{'x_2': 0.0357142857142856, 'x_3': 0.0}",0.1845593452453613,3,"{'x_1': 0.5625, 'x_2': 0.0357142857142856, 'x_3': 0.0}"
iris,model_2layers_20neurons.h5,14,0.1266353130340576,2,"{'x_2': 0.0357142857142856, 'x_3': 0.0909090909090909}",0.2970154285430908,3,"{'x_1': 1.0, 'x_2': 0.0357142857142856, 'x_3': 0.0909090909090909}"
iris,model_2layers_20neurons.h5,15,0.0705001354217529,3,"{'x_1': 0.6875, 'x_2': 0.6071428571428571, 'x_3': 0.681818181818182}",0.163299560546875,3,"{'x_1': 0.6875, 'x_2': 0.6071428571428571, 'x_3': 0.681818181818182}"
iris,model_2layers_20neurons.h5,16,0.0631463527679443,3,"{'x_1': 0.5, 'x_2': 0.8035714285714285, 'x_3': 0.9545454545454548}",0.100248098373413,4,"{'x_0': 0.5625, 'x_1': 0.5, 'x_2': 0.8035714285714285, 'x_3': 0.9545454545454548}"
iris,model_2layers_20neurons.h5,17,0.0582506656646728,3,"{'x_1': 0.1874999999999997, 'x_2': 0.4642857142857142, 'x_3': 0.4545454545454546}",0.1187667846679687,3,"{'x_1': 0.1874999999999997, 'x_2': 0.4642857142857142, 'x_3': 0.4545454545454546}"
iris,model_2layers_20neurons.h5,18,0.0671868324279785,3,"{'x_1': 0.3749999999999998, 'x_2': 0.5714285714285714, 'x_3': 0.5454545454545455}",0.1347043514251709,3,"{'x_1': 0.3749999999999998, 'x_2': 0.5714285714285714, 'x_3': 0.5454545454545455}"
iris,model_2layers_20neurons.h5,19,0.0686049461364746,3,"{'x_1': 0.3749999999999998, 'x_2': 0.7678571428571427, 'x_3': 0.9545454545454548}",0.1122324466705322,4,"{'x_0': 0.53125, 'x_1': 0.3749999999999998, 'x_2': 0.7678571428571427, 'x_3': 0.9545454545454548}"
iris,model_2layers_20neurons.h5,20,0.0896589756011962,2,"{'x_2': 0.0535714285714285, 'x_3': 0.0454545454545454}",0.1614656448364257,3,"{'x_1': 0.625, 'x_2': 0.0535714285714285, 'x_3': 0.0454545454545454}"
iris,model_2layers_20neurons.h5,21,0.0477945804595947,4,"{'x_0': 0.4375, 'x_1': 0.5, 'x_2': 0.6428571428571429, 'x_3': 0.7727272727272728}",0.0832610130310058,4,"{'x_0': 0.4375, 'x_1': 0.5, 'x_2': 0.6428571428571429, 'x_3': 0.7727272727272728}"
iris,model_2layers_20neurons.h5,22,0.0587806701660156,3,"{'x_1': 0.75, 'x_2': 0.0535714285714285, 'x_3': 0.1363636363636363}",0.1145877838134765,3,"{'x_1': 0.75, 'x_2': 0.0535714285714285, 'x_3': 0.1363636363636363}"
iris,model_2layers_20neurons.h5,23,0.0619747638702392,3,"{'x_1': 0.3749999999999998, 'x_2': 0.7678571428571427, 'x_3': 0.9090909090909092}",0.1344470977783203,4,"{'x_0': 0.53125, 'x_1': 0.3749999999999998, 'x_2': 0.7678571428571427, 'x_3': 0.9090909090909092}"
iris,model_2layers_20neurons.h5,24,0.1419658660888672,3,"{'x_1': 1.0, 'x_2': 0.9107142857142856, 'x_3': 0.8636363636363638}",0.0818719863891601,4,"{'x_0': 1.0, 'x_1': 1.0, 'x_2': 0.9107142857142856, 'x_3': 0.8636363636363638}"
iris,model_2layers_20neurons.h5,25,0.0608248710632324,3,"{'x_1': 0.5, 'x_2': 0.6964285714285714, 'x_3': 1.0}",0.1294362545013427,4,"{'x_0': 0.625, 'x_1': 0.5, 'x_2': 0.6964285714285714, 'x_3': 1.0}"
iris,model_2layers_20neurons.h5,26,0.0669164657592773,3,"{'x_1': 0.1874999999999997, 'x_2': 0.8035714285714285, 'x_3': 0.7727272727272728}",0.1064584255218505,4,"{'x_0': 0.625, 'x_1': 0.1874999999999997, 'x_2': 0.8035714285714285, 'x_3': 0.7727272727272728}"
iris,model_2layers_20neurons.h5,27,0.0621471405029296,3,"{'x_1': 0.625, 'x_2': 0.8214285714285715, 'x_3': 1.0}",0.1162924766540527,4,"{'x_0': 0.65625, 'x_1': 0.625, 'x_2': 0.8214285714285715, 'x_3': 1.0}"
iris,model_2layers_20neurons.h5,28,0.0855941772460937,2,"{'x_2': 0.0178571428571428, 'x_3': 0.0909090909090909}",0.1099469661712646,3,"{'x_1': 0.5, 'x_2': 0.0178571428571428, 'x_3': 0.0909090909090909}"
iris,model_2layers_20neurons.h5,29,0.12459397315979,2,"{'x_2': 0.0535714285714285, 'x_3': 0.0454545454545454}",0.1171314716339111,3,"{'x_1': 0.5625, 'x_2': 0.0535714285714285, 'x_3': 0.0454545454545454}"
iris,model_2layers_20neurons.h5,30,0.090381383895874,2,"{'x_2': 0.0, 'x_3': 0.0416666666666666}",0.1789729595184326,3,"{'x_1': 0.6666666666666667, 'x_2': 0.0, 'x_3': 0.0416666666666666}"
iris,model_2layers_20neurons.h5,31,0.068937063217163,3,"{'x_1': 1.0, 'x_2': 0.087719298245614, 'x_3': 0.125}",0.0854179859161377,3,"{'x_1': 1.0, 'x_2': 0.087719298245614, 'x_3': 0.125}"
iris,model_2layers_20neurons.h5,32,0.0550792217254638,3,"{'x_1': 0.4583333333333332, 'x_2': 0.5964912280701755, 'x_3': 0.5416666666666667}",0.1426236629486084,3,"{'x_1': 0.4583333333333332, 'x_2': 0.5964912280701755, 'x_3': 0.5416666666666667}"
iris,model_2layers_20neurons.h5,33,0.0761089324951171,2,"{'x_2': 0.1052631578947368, 'x_3': 0.0416666666666666}",0.1303236484527588,3,"{'x_1': 0.5833333333333333, 'x_2': 0.1052631578947368, 'x_3': 0.0416666666666666}"
iris,model_2layers_20neurons.h5,34,0.0718047618865966,2,"{'x_2': 0.0526315789473684, 'x_3': 0.0416666666666666}",0.114112377166748,3,"{'x_1': 0.5, 'x_2': 0.0526315789473684, 'x_3': 0.0416666666666666}"
iris,model_2layers_20neurons.h5,35,0.1410694122314453,3,"{'x_1': 0.2083333333333332, 'x_2': 0.7017543859649122, 'x_3': 0.75}",0.1855926513671875,4,"{'x_0': 0.588235294117647, 'x_1': 0.2083333333333332, 'x_2': 0.7017543859649122, 'x_3': 0.75}"
iris,model_2layers_20neurons.h5,36,0.048708438873291,3,"{'x_1': 0.5, 'x_2': 0.6140350877192983, 'x_3': 0.5833333333333334}",0.1306478977203369,3,"{'x_1': 0.5, 'x_2': 0.6140350877192983, 'x_3': 0.5833333333333334}"
iris,model_2layers_20neurons.h5,37,0.1380743980407714,2,"{'x_2': 0.087719298245614, 'x_3': 0.0416666666666666}",0.156822919845581,3,"{'x_1': 0.625, 'x_2': 0.087719298245614, 'x_3': 0.0416666666666666}"
iris,model_2layers_20neurons.h5,38,0.1274623870849609,2,"{'x_2': 0.0701754385964912, 'x_3': 0.0416666666666666}",0.1492784023284912,3,"{'x_1': 0.6666666666666667, 'x_2': 0.0701754385964912, 'x_3': 0.0416666666666666}"
iris,model_2layers_20neurons.h5,39,0.1097834110260009,2,"{'x_2': 0.087719298245614, 'x_3': 0.0}",0.0950536727905273,3,"{'x_1': 0.8749999999999998, 'x_2': 0.087719298245614, 'x_3': 0.0}"
iris,model_2layers_20neurons.h5,40,0.1040840148925781,3,"{'x_1': 0.2916666666666667, 'x_2': 0.719298245614035, 'x_3': 0.75}",0.1253972053527832,4,"{'x_0': 0.4411764705882353, 'x_1': 0.2916666666666667, 'x_2': 0.719298245614035, 'x_3': 0.75}"
iris,model_2layers_20neurons.h5,41,0.0513114929199218,3,"{'x_1': 0.5833333333333333, 'x_2': 0.6140350877192983, 'x_3': 0.6250000000000001}",0.1361355781555175,3,"{'x_1': 0.5833333333333333, 'x_2': 0.6140350877192983, 'x_3': 0.6250000000000001}"
iris,model_2layers_20neurons.h5,42,0.047654390335083,3,"{'x_1': 0.4583333333333332, 'x_2': 0.6491228070175439, 'x_3': 0.5833333333333334}",0.1275854110717773,4,"{'x_0': 0.7058823529411764, 'x_1': 0.4583333333333332, 'x_2': 0.6491228070175439, 'x_3': 0.5833333333333334}"
iris,model_2layers_20neurons.h5,43,0.068918228149414,3,"{'x_1': 0.7916666666666665, 'x_2': 0.0526315789473684, 'x_3': 0.125}",0.0895111560821533,3,"{'x_1': 0.7916666666666665, 'x_2': 0.0526315789473684, 'x_3': 0.125}"
iris,model_2layers_20neurons.h5,44,0.0876741409301757,2,"{'x_2': 0.087719298245614, 'x_3': 0.0416666666666666}",0.1021962165832519,3,"{'x_1': 0.7083333333333333, 'x_2': 0.087719298245614, 'x_3': 0.0416666666666666}"
iris,model_2layers_20neurons.h5,45,0.0643589496612548,3,"{'x_1': 0.1666666666666666, 'x_2': 0.4736842105263158, 'x_3': 0.375}",0.1363952159881591,3,"{'x_1': 0.1666666666666666, 'x_2': 0.4736842105263158, 'x_3': 0.375}"
iris,model_2layers_20neurons.h5,46,0.0629067420959472,4,"{'x_0': 0.588235294117647, 'x_1': 0.3333333333333332, 'x_2': 0.719298245614035, 'x_3': 0.5833333333333334}",0.128502607345581,4,"{'x_0': 0.588235294117647, 'x_1': 0.3333333333333332, 'x_2': 0.719298245614035, 'x_3': 0.5833333333333334}"
iris,model_2layers_20neurons.h5,47,0.101062536239624,3,"{'x_1': 0.4583333333333332, 'x_2': 0.7894736842105262, 'x_3': 0.7083333333333334}",0.1371879577636718,4,"{'x_0': 0.6176470588235294, 'x_1': 0.4583333333333332, 'x_2': 0.7894736842105262, 'x_3': 0.7083333333333334}"
iris,model_2layers_20neurons.h5,48,0.3398230075836181,3,"{'x_1': 0.4166666666666667, 'x_2': 0.5964912280701755, 'x_3': 0.5416666666666667}",0.1571743488311767,3,"{'x_1': 0.4166666666666667, 'x_2': 0.5964912280701755, 'x_3': 0.5416666666666667}"
iris,model_2layers_20neurons.h5,49,0.080822467803955,3,"{'x_1': 0.6666666666666667, 'x_2': 0.8947368421052629, 'x_3': 1.0}",0.1038668155670166,4,"{'x_0': 0.8529411764705881, 'x_1': 0.6666666666666667, 'x_2': 0.8947368421052629, 'x_3': 1.0}"
iris,model_2layers_20neurons.h5,50,0.062870979309082,3,"{'x_1': 0.375, 'x_2': 0.5614035087719298, 'x_3': 0.5000000000000001}",0.1768836975097656,3,"{'x_1': 0.375, 'x_2': 0.5614035087719298, 'x_3': 0.5000000000000001}"
iris,model_2layers_20neurons.h5,51,0.0880587100982666,3,"{'x_1': 0.4166666666666667, 'x_2': 0.982456140350877, 'x_3': 0.8333333333333335}",0.10723876953125,4,"{'x_0': 0.9705882352941176, 'x_1': 0.4166666666666667, 'x_2': 0.982456140350877, 'x_3': 0.8333333333333335}"
iris,model_2layers_20neurons.h5,52,0.0621654987335205,3,"{'x_1': 0.4166666666666667, 'x_2': 0.6140350877192983, 'x_3': 0.5833333333333334}",0.1258926391601562,4,"{'x_0': 0.3823529411764705, 'x_1': 0.4166666666666667, 'x_2': 0.6140350877192983, 'x_3': 0.5833333333333334}"
iris,model_2layers_20neurons.h5,53,0.0730226039886474,2,"{'x_2': 0.0701754385964912, 'x_3': 0.0416666666666666}",0.1094887256622314,3,"{'x_1': 0.625, 'x_2': 0.0701754385964912, 'x_3': 0.0416666666666666}"
iris,model_2layers_20neurons.h5,54,0.1239335536956787,3,"{'x_1': 0.3333333333333332, 'x_2': 1.0, 'x_3': 0.7916666666666667}",0.1569488048553466,4,"{'x_0': 0.9999999999999998, 'x_1': 0.3333333333333332, 'x_2': 1.0, 'x_3': 0.7916666666666667}"
iris,model_2layers_20neurons.h5,55,0.1245112419128418,3,"{'x_1': 0.2916666666666667, 'x_2': 0.5438596491228069, 'x_3': 0.375}",0.1782665252685547,3,"{'x_1': 0.2916666666666667, 'x_2': 0.5438596491228069, 'x_3': 0.375}"
iris,model_2layers_20neurons.h5,56,0.1113576889038086,2,"{'x_2': 0.0701754385964912, 'x_3': 0.0416666666666666}",0.1033430099487304,3,"{'x_1': 0.5833333333333333, 'x_2': 0.0701754385964912, 'x_3': 0.0416666666666666}"
iris,model_2layers_20neurons.h5,57,0.1618359088897705,2,"{'x_2': 0.0526315789473684, 'x_3': 0.0833333333333333}",0.1626040935516357,3,"{'x_1': 0.625, 'x_2': 0.0526315789473684, 'x_3': 0.0833333333333333}"
iris,model_2layers_20neurons.h5,58,0.1015799045562744,3,"{'x_1': 0.7499999999999998, 'x_2': 0.1578947368421052, 'x_3': 0.125}",0.1616187095642089,3,"{'x_1': 0.7499999999999998, 'x_2': 0.1578947368421052, 'x_3': 0.125}"
iris,model_2layers_20neurons.h5,59,0.0666890144348144,3,"{'x_1': 0.0, 'x_2': 0.4385964912280701, 'x_3': 0.375}",0.1629467010498047,3,"{'x_1': 0.0, 'x_2': 0.4385964912280701, 'x_3': 0.375}"
iris,model_2layers_20neurons.h5,60,0.0614714622497558,3,"{'x_1': 0.2916666666666667, 'x_2': 0.6842105263157895, 'x_3': 0.7083333333333334}",0.11855149269104,4,"{'x_0': 0.588235294117647, 'x_1': 0.2916666666666667, 'x_2': 0.6842105263157895, 'x_3': 0.7083333333333334}"
iris,model_2layers_20neurons.h5,61,0.1051375865936279,3,"{'x_1': 0.5833333333333333, 'x_2': 0.1578947368421052, 'x_3': 0.0416666666666666}",0.1087257862091064,3,"{'x_1': 0.5833333333333333, 'x_2': 0.1578947368421052, 'x_3': 0.0416666666666666}"
iris,model_2layers_20neurons.h5,62,0.0705981254577636,2,"{'x_2': 0.1052631578947368, 'x_3': 0.0416666666666666}",0.1156604290008544,3,"{'x_1': 0.4166666666666667, 'x_2': 0.1052631578947368, 'x_3': 0.0416666666666666}"
iris,model_2layers_20neurons.h5,63,0.0646405220031738,3,"{'x_1': 0.5416666666666665, 'x_2': 0.1228070175438596, 'x_3': 0.1666666666666666}",0.0970206260681152,4,"{'x_0': 0.2352941176470586, 'x_1': 0.5416666666666665, 'x_2': 0.1228070175438596, 'x_3': 0.1666666666666666}"
iris,model_2layers_20neurons.h5,64,0.049433946609497,3,"{'x_1': 0.2916666666666667, 'x_2': 0.5614035087719298, 'x_3': 0.5000000000000001}",0.1305408477783203,3,"{'x_1': 0.2916666666666667, 'x_2': 0.5614035087719298, 'x_3': 0.5000000000000001}"
iris,model_2layers_20neurons.h5,65,0.1178722381591796,2,"{'x_2': 0.087719298245614, 'x_3': 0.0416666666666666}",0.1615166664123535,3,"{'x_1': 0.5833333333333333, 'x_2': 0.087719298245614, 'x_3': 0.0416666666666666}"
iris,model_2layers_20neurons.h5,66,0.0957958698272705,3,"{'x_1': 0.4166666666666667, 'x_2': 0.5614035087719298, 'x_3': 0.4583333333333333}",0.1478371620178222,3,"{'x_1': 0.4166666666666667, 'x_2': 0.5614035087719298, 'x_3': 0.4583333333333333}"
iris,model_2layers_20neurons.h5,67,0.0805442333221435,3,"{'x_1': 0.7499999999999998, 'x_2': 1.0, 'x_3': 0.8750000000000001}",0.1124343872070312,4,"{'x_0': 0.9999999999999998, 'x_1': 0.7499999999999998, 'x_2': 1.0, 'x_3': 0.8750000000000001}"
iris,model_2layers_20neurons.h5,68,0.0659730434417724,2,"{'x_2': 0.0701754385964912, 'x_3': 0.0416666666666666}",0.1203315258026123,3,"{'x_1': 0.5, 'x_2': 0.0701754385964912, 'x_3': 0.0416666666666666}"
iris,model_2layers_20neurons.h5,69,0.0463612079620361,3,"{'x_1': 0.375, 'x_2': 0.5789473684210525, 'x_3': 0.5000000000000001}",0.1040842533111572,3,"{'x_1': 0.375, 'x_2': 0.5789473684210525, 'x_3': 0.5000000000000001}"
iris,model_2layers_20neurons.h5,70,0.0691444873809814,3,"{'x_1': 0.2083333333333332, 'x_2': 0.7017543859649122, 'x_3': 0.7916666666666667}",0.1269006729125976,4,"{'x_0': 0.411764705882353, 'x_1': 0.2083333333333332, 'x_2': 0.7017543859649122, 'x_3': 0.7916666666666667}"
iris,model_2layers_20neurons.h5,71,0.0780344009399414,2,"{'x_2': 0.0701754385964912, 'x_3': 0.0416666666666666}",0.1342909336090088,3,"{'x_1': 0.9166666666666669, 'x_2': 0.0701754385964912, 'x_3': 0.0416666666666666}"
iris,model_2layers_20neurons.h5,72,0.0479495525360107,4,"{'x_0': 0.5, 'x_1': 0.4166666666666667, 'x_2': 0.6666666666666666, 'x_3': 0.7083333333333334}",0.0971691608428955,4,"{'x_0': 0.5, 'x_1': 0.4166666666666667, 'x_2': 0.6666666666666666, 'x_3': 0.7083333333333334}"
iris,model_2layers_20neurons.h5,73,0.0949335098266601,3,"{'x_1': 0.2916666666666667, 'x_2': 0.719298245614035, 'x_3': 0.75}",0.106961965560913,4,"{'x_0': 0.4411764705882353, 'x_1': 0.2916666666666667, 'x_2': 0.719298245614035, 'x_3': 0.75}"
iris,model_2layers_20neurons.h5,74,0.0582525730133056,3,"{'x_1': 0.0833333333333333, 'x_2': 0.5263157894736842, 'x_3': 0.375}",0.1297028064727783,3,"{'x_1': 0.0833333333333333, 'x_2': 0.5263157894736842, 'x_3': 0.375}"
iris,model_2layers_20neurons.h5,75,0.0439076423645019,3,"{'x_1': 0.4166666666666667, 'x_2': 0.6140350877192983, 'x_3': 0.5833333333333334}",0.0970442295074462,4,"{'x_0': 0.323529411764706, 'x_1': 0.4166666666666667, 'x_2': 0.6140350877192983, 'x_3': 0.5833333333333334}"
iris,model_2layers_20neurons.h5,76,0.0837280750274658,3,"{'x_1': 0.5833333333333333, 'x_2': 0.7719298245614036, 'x_3': 0.9166666666666666}",0.1492631435394287,4,"{'x_0': 0.5588235294117647, 'x_1': 0.5833333333333333, 'x_2': 0.7719298245614036, 'x_3': 0.9166666666666666}"
iris,model_2layers_20neurons.h5,77,0.0600202083587646,3,"{'x_1': 0.1249999999999998, 'x_2': 0.5263157894736842, 'x_3': 0.5000000000000001}",0.1362309455871582,4,"{'x_0': 0.3529411764705883, 'x_1': 0.1249999999999998, 'x_2': 0.5263157894736842, 'x_3': 0.5000000000000001}"
iris,model_2layers_20neurons.h5,78,0.0611584186553955,3,"{'x_1': 0.7916666666666665, 'x_2': 0.1228070175438596, 'x_3': 0.125}",0.3213002681732178,3,"{'x_1': 0.7916666666666665, 'x_2': 0.1228070175438596, 'x_3': 0.125}"
iris,model_2layers_20neurons.h5,79,0.069897174835205,3,"{'x_1': 0.1249999999999998, 'x_2': 0.4035087719298245, 'x_3': 0.375}",0.1028401851654052,4,"{'x_0': 0.2058823529411764, 'x_1': 0.1249999999999998, 'x_2': 0.4035087719298245, 'x_3': 0.375}"
iris,model_2layers_20neurons.h5,80,0.0928688049316406,3,"{'x_1': 0.2916666666666667, 'x_2': 0.7543859649122806, 'x_3': 0.75}",0.1671464443206787,4,"{'x_0': 0.6176470588235294, 'x_1': 0.2916666666666667, 'x_2': 0.7543859649122806, 'x_3': 0.75}"
iris,model_2layers_20neurons.h5,81,0.0723636150360107,2,"{'x_2': 0.0701754385964912, 'x_3': 0.0416666666666666}",0.126206636428833,3,"{'x_1': 0.5416666666666665, 'x_2': 0.0701754385964912, 'x_3': 0.0416666666666666}"
iris,model_2layers_20neurons.h5,82,0.0884811878204345,2,"{'x_2': 0.0350877192982456, 'x_3': 0.0416666666666666}",0.201791763305664,3,"{'x_1': 0.5, 'x_2': 0.0350877192982456, 'x_3': 0.0416666666666666}"
iris,model_2layers_20neurons.h5,83,0.0631380081176757,3,"{'x_1': 0.1666666666666666, 'x_2': 0.4912280701754385, 'x_3': 0.4166666666666667}",0.1669573783874511,3,"{'x_1': 0.1666666666666666, 'x_2': 0.4912280701754385, 'x_3': 0.4166666666666667}"
iris,model_2layers_20neurons.h5,84,0.0818498134613037,4,"{'x_0': 0.7058823529411764, 'x_1': 0.4166666666666667, 'x_2': 0.7017543859649122, 'x_3': 0.6666666666666667}",0.1247034072875976,4,"{'x_0': 0.7058823529411764, 'x_1': 0.4166666666666667, 'x_2': 0.7017543859649122, 'x_3': 0.6666666666666667}"
iris,model_2layers_20neurons.h5,85,0.3024005889892578,2,"{'x_2': 0.087719298245614, 'x_3': 0.0416666666666666}",0.1131048202514648,3,"{'x_1': 0.4583333333333332, 'x_2': 0.087719298245614, 'x_3': 0.0416666666666666}"
iris,model_2layers_20neurons.h5,86,0.0859251022338867,3,"{'x_1': 0.3333333333333332, 'x_2': 0.719298245614035, 'x_3': 0.9583333333333334}",0.1656482219696045,4,"{'x_0': 0.4411764705882353, 'x_1': 0.3333333333333332, 'x_2': 0.719298245614035, 'x_3': 0.9583333333333334}"
iris,model_2layers_20neurons.h5,87,0.0952417850494384,2,"{'x_2': 0.087719298245614, 'x_3': 0.0416666666666666}",0.1363375186920166,3,"{'x_1': 0.5833333333333333, 'x_2': 0.087719298245614, 'x_3': 0.0416666666666666}"
iris,model_2layers_20neurons.h5,88,0.1022911071777343,3,"{'x_1': 0.625, 'x_2': 0.1052631578947368, 'x_3': 0.2083333333333333}",0.1920552253723144,3,"{'x_1': 0.625, 'x_2': 0.1052631578947368, 'x_3': 0.2083333333333333}"
iris,model_2layers_20neurons.h5,89,0.0626187324523925,4,"{'x_0': 0.4705882352941177, 'x_1': 0.5, 'x_2': 0.6666666666666666, 'x_3': 0.7083333333333334}",0.169689655303955,4,"{'x_0': 0.4705882352941177, 'x_1': 0.5, 'x_2': 0.6666666666666666, 'x_3': 0.7083333333333334}"
iris,model_2layers_20neurons.h5,90,0.0596170425415039,3,"{'x_1': 0.2083333333333332, 'x_2': 0.3508771929824561, 'x_3': 0.4166666666666667}",0.1312823295593261,4,"{'x_0': 0.2352941176470586, 'x_1': 0.2083333333333332, 'x_2': 0.3508771929824561, 'x_3': 0.4166666666666667}"
iris,model_2layers_20neurons.h5,91,0.0939736366271972,3,"{'x_1': 0.5, 'x_2': 0.8245614035087719, 'x_3': 0.9166666666666666}",0.1739373207092285,4,"{'x_0': 0.7647058823529413, 'x_1': 0.5, 'x_2': 0.8245614035087719, 'x_3': 0.9166666666666666}"
iris,model_2layers_20neurons.h5,92,0.1138362884521484,3,"{'x_1': 0.2916666666666667, 'x_2': 0.719298245614035, 'x_3': 0.6250000000000001}",0.142547607421875,4,"{'x_0': 0.5, 'x_1': 0.2916666666666667, 'x_2': 0.719298245614035, 'x_3': 0.6250000000000001}"
iris,model_2layers_20neurons.h5,93,0.1225669384002685,3,"{'x_1': 0.25, 'x_2': 0.807017543859649, 'x_3': 0.5416666666666667}",0.1336324214935302,4,"{'x_0': 0.5294117647058822, 'x_1': 0.25, 'x_2': 0.807017543859649, 'x_3': 0.5416666666666667}"
iris,model_2layers_20neurons.h5,94,0.092618703842163,3,"{'x_1': 0.4166666666666667, 'x_2': 0.8947368421052629, 'x_3': 0.9166666666666666}",0.1222259998321533,4,"{'x_0': 0.9999999999999998, 'x_1': 0.4166666666666667, 'x_2': 0.8947368421052629, 'x_3': 0.9166666666666666}"
iris,model_2layers_20neurons.h5,95,0.0417520999908447,3,"{'x_1': 0.2083333333333332, 'x_2': 0.5263157894736842, 'x_3': 0.5000000000000001}",0.1374754905700683,4,"{'x_0': 0.3529411764705883, 'x_1': 0.2083333333333332, 'x_2': 0.5263157894736842, 'x_3': 0.5000000000000001}"
iris,model_2layers_20neurons.h5,96,0.083298921585083,2,"{'x_2': 0.0701754385964912, 'x_3': 0.0416666666666666}",0.1580770015716552,3,"{'x_1': 0.375, 'x_2': 0.0701754385964912, 'x_3': 0.0416666666666666}"
iris,model_2layers_20neurons.h5,97,0.1157429218292236,2,"{'x_2': 0.0175438596491228, 'x_3': 0.0}",0.14982271194458,3,"{'x_1': 0.4166666666666667, 'x_2': 0.0175438596491228, 'x_3': 0.0}"
iris,model_2layers_20neurons.h5,98,0.1023046970367431,3,"{'x_1': 0.0833333333333333, 'x_2': 0.7017543859649122, 'x_3': 0.5833333333333334}",0.1773958206176757,4,"{'x_0': 0.5, 'x_1': 0.0833333333333333, 'x_2': 0.7017543859649122, 'x_3': 0.5833333333333334}"
iris,model_2layers_20neurons.h5,99,0.0786590576171875,3,"{'x_1': 0.5, 'x_2': 0.8771929824561403, 'x_3': 0.7083333333333334}",0.1406869888305664,4,"{'x_0': 0.8529411764705881, 'x_1': 0.5, 'x_2': 0.8771929824561403, 'x_3': 0.7083333333333334}"
iris,model_3layers_20neurons.h5,0,0.0879418849945068,3,"{'x_1': 0.3749999999999998, 'x_2': 0.6071428571428571, 'x_3': 0.5000000000000001}",0.1042358875274658,4,"{'x_0': 0.4375, 'x_1': 0.3749999999999998, 'x_2': 0.6071428571428571, 'x_3': 0.5000000000000001}"
iris,model_3layers_20neurons.h5,1,0.2471880912780761,2,"{'x_2': 0.0714285714285714, 'x_3': 0.0909090909090909}",0.1003363132476806,3,"{'x_1': 1.0, 'x_2': 0.0714285714285714, 'x_3': 0.0909090909090909}"
iris,model_3layers_20neurons.h5,2,0.1284699440002441,2,"{'x_2': 1.0, 'x_3': 1.0}",0.1259360313415527,4,"{'x_0': 0.9375, 'x_1': 0.25, 'x_2': 1.0, 'x_3': 1.0}"
iris,model_3layers_20neurons.h5,3,0.1011903285980224,3,"{'x_1': 0.4374999999999998, 'x_2': 0.5714285714285714, 'x_3': 0.6363636363636365}",0.1495966911315918,4,"{'x_0': 0.40625, 'x_1': 0.4374999999999998, 'x_2': 0.5714285714285714, 'x_3': 0.6363636363636365}"
iris,model_3layers_20neurons.h5,4,0.0813620090484619,3,"{'x_1': 0.3749999999999998, 'x_2': 0.6249999999999999, 'x_3': 0.5909090909090909}",0.1289949417114257,4,"{'x_0': 0.65625, 'x_1': 0.3749999999999998, 'x_2': 0.6249999999999999, 'x_3': 0.5909090909090909}"
iris,model_3layers_20neurons.h5,5,0.2040674686431884,2,"{'x_2': 0.0357142857142856, 'x_3': 0.1363636363636363}",0.1084003448486328,4,"{'x_0': 0.21875, 'x_1': 0.75, 'x_2': 0.0357142857142856, 'x_3': 0.1363636363636363}"
iris,model_3layers_20neurons.h5,6,0.0658154487609863,3,"{'x_1': 0.4374999999999998, 'x_2': 0.4107142857142857, 'x_3': 0.5454545454545455}",0.2181582450866699,4,"{'x_0': 0.28125, 'x_1': 0.4374999999999998, 'x_2': 0.4107142857142857, 'x_3': 0.5454545454545455}"
iris,model_3layers_20neurons.h5,7,0.1366083621978759,3,"{'x_1': 0.5625, 'x_2': 0.6785714285714284, 'x_3': 1.0}",0.300325870513916,4,"{'x_0': 0.6875, 'x_1': 0.5625, 'x_2': 0.6785714285714284, 'x_3': 1.0}"
iris,model_3layers_20neurons.h5,8,0.143766164779663,3,"{'x_1': 0.0, 'x_2': 0.5714285714285714, 'x_3': 0.6363636363636365}",0.1563963890075683,4,"{'x_0': 0.46875, 'x_1': 0.0, 'x_2': 0.5714285714285714, 'x_3': 0.6363636363636365}"
iris,model_3layers_20neurons.h5,9,0.0790047645568847,3,"{'x_1': 0.3125, 'x_2': 0.4642857142857142, 'x_3': 0.5000000000000001}",0.2135660648345947,4,"{'x_0': 0.34375, 'x_1': 0.3125, 'x_2': 0.4642857142857142, 'x_3': 0.5000000000000001}"
iris,model_3layers_20neurons.h5,10,0.3991665840148926,3,"{'x_1': 0.625, 'x_2': 0.6785714285714284, 'x_3': 0.8636363636363638}",0.1171638965606689,4,"{'x_0': 0.5625, 'x_1': 0.625, 'x_2': 0.6785714285714284, 'x_3': 0.8636363636363638}"
iris,model_3layers_20neurons.h5,11,0.2137649059295654,2,"{'x_2': 0.0178571428571428, 'x_3': 0.0}",0.1075613498687744,4,"{'x_0': 0.03125, 'x_1': 0.5, 'x_2': 0.0178571428571428, 'x_3': 0.0}"
iris,model_3layers_20neurons.h5,12,0.18404221534729,2,"{'x_2': 0.0, 'x_3': 0.0454545454545454}",0.1034603118896484,3,"{'x_1': 0.8125, 'x_2': 0.0, 'x_3': 0.0454545454545454}"
iris,model_3layers_20neurons.h5,13,0.1728637218475341,2,"{'x_2': 0.0357142857142856, 'x_3': 0.0}",0.1173925399780273,4,"{'x_0': 0.0625, 'x_1': 0.5625, 'x_2': 0.0357142857142856, 'x_3': 0.0}"
iris,model_3layers_20neurons.h5,14,0.221656322479248,2,"{'x_2': 0.0357142857142856, 'x_3': 0.0909090909090909}",0.1149840354919433,3,"{'x_1': 1.0, 'x_2': 0.0357142857142856, 'x_3': 0.0909090909090909}"
iris,model_3layers_20neurons.h5,15,0.0730876922607421,3,"{'x_1': 0.6875, 'x_2': 0.6071428571428571, 'x_3': 0.681818181818182}",0.1334969997406005,4,"{'x_0': 0.5, 'x_1': 0.6875, 'x_2': 0.6071428571428571, 'x_3': 0.681818181818182}"
iris,model_3layers_20neurons.h5,16,0.1105945110321044,3,"{'x_1': 0.5, 'x_2': 0.8035714285714285, 'x_3': 0.9545454545454548}",0.1175999641418457,4,"{'x_0': 0.5625, 'x_1': 0.5, 'x_2': 0.8035714285714285, 'x_3': 0.9545454545454548}"
iris,model_3layers_20neurons.h5,17,0.1126368045806884,3,"{'x_1': 0.1874999999999997, 'x_2': 0.4642857142857142, 'x_3': 0.4545454545454546}",0.1372816562652588,4,"{'x_0': 0.28125, 'x_1': 0.1874999999999997, 'x_2': 0.4642857142857142, 'x_3': 0.4545454545454546}"
iris,model_3layers_20neurons.h5,18,0.0826804637908935,3,"{'x_1': 0.3749999999999998, 'x_2': 0.5714285714285714, 'x_3': 0.5454545454545455}",0.1292009353637695,4,"{'x_0': 0.3125, 'x_1': 0.3749999999999998, 'x_2': 0.5714285714285714, 'x_3': 0.5454545454545455}"
iris,model_3layers_20neurons.h5,19,0.1141657829284668,3,"{'x_1': 0.3749999999999998, 'x_2': 0.7678571428571427, 'x_3': 0.9545454545454548}",0.1336057186126709,4,"{'x_0': 0.53125, 'x_1': 0.3749999999999998, 'x_2': 0.7678571428571427, 'x_3': 0.9545454545454548}"
iris,model_3layers_20neurons.h5,20,0.3493010997772217,2,"{'x_2': 0.0535714285714285, 'x_3': 0.0454545454545454}",0.1932895183563232,4,"{'x_0': 0.0, 'x_1': 0.625, 'x_2': 0.0535714285714285, 'x_3': 0.0454545454545454}"
iris,model_3layers_20neurons.h5,21,0.2626042366027832,3,"{'x_1': 0.5, 'x_2': 0.6428571428571429, 'x_3': 0.7727272727272728}",0.1092784404754638,4,"{'x_0': 0.4375, 'x_1': 0.5, 'x_2': 0.6428571428571429, 'x_3': 0.7727272727272728}"
iris,model_3layers_20neurons.h5,22,0.1984617710113525,2,"{'x_2': 0.0535714285714285, 'x_3': 0.1363636363636363}",0.1101248264312744,4,"{'x_0': 0.09375, 'x_1': 0.75, 'x_2': 0.0535714285714285, 'x_3': 0.1363636363636363}"
iris,model_3layers_20neurons.h5,23,0.1839628219604492,3,"{'x_1': 0.3749999999999998, 'x_2': 0.7678571428571427, 'x_3': 0.9090909090909092}",0.4987645149230957,4,"{'x_0': 0.53125, 'x_1': 0.3749999999999998, 'x_2': 0.7678571428571427, 'x_3': 0.9090909090909092}"
iris,model_3layers_20neurons.h5,24,0.1154108047485351,3,"{'x_0': 1.0, 'x_2': 0.9107142857142856, 'x_3': 0.8636363636363638}",0.1107091903686523,4,"{'x_0': 1.0, 'x_1': 1.0, 'x_2': 0.9107142857142856, 'x_3': 0.8636363636363638}"
iris,model_3layers_20neurons.h5,25,0.1757850646972656,3,"{'x_1': 0.5, 'x_2': 0.6964285714285714, 'x_3': 1.0}",0.1069128513336181,4,"{'x_0': 0.625, 'x_1': 0.5, 'x_2': 0.6964285714285714, 'x_3': 1.0}"
iris,model_3layers_20neurons.h5,26,0.1139702796936035,3,"{'x_1': 0.1874999999999997, 'x_2': 0.8035714285714285, 'x_3': 0.7727272727272728}",0.119067907333374,4,"{'x_0': 0.625, 'x_1': 0.1874999999999997, 'x_2': 0.8035714285714285, 'x_3': 0.7727272727272728}"
iris,model_3layers_20neurons.h5,27,0.1315855979919433,3,"{'x_1': 0.625, 'x_2': 0.8214285714285715, 'x_3': 1.0}",0.1110463142395019,4,"{'x_0': 0.65625, 'x_1': 0.625, 'x_2': 0.8214285714285715, 'x_3': 1.0}"
iris,model_3layers_20neurons.h5,28,0.2074000835418701,2,"{'x_2': 0.0178571428571428, 'x_3': 0.0909090909090909}",0.1022663116455078,4,"{'x_0': 0.03125, 'x_1': 0.5, 'x_2': 0.0178571428571428, 'x_3': 0.0909090909090909}"
iris,model_3layers_20neurons.h5,29,0.1988463401794433,2,"{'x_2': 0.0535714285714285, 'x_3': 0.0454545454545454}",0.1019227504730224,4,"{'x_0': 0.03125, 'x_1': 0.5625, 'x_2': 0.0535714285714285, 'x_3': 0.0454545454545454}"
iris,model_3layers_20neurons.h5,30,0.1688692569732666,2,"{'x_2': 0.0, 'x_3': 0.0416666666666666}",0.1265642642974853,3,"{'x_1': 0.6666666666666667, 'x_2': 0.0, 'x_3': 0.0416666666666666}"
iris,model_3layers_20neurons.h5,31,0.2307624816894531,2,"{'x_2': 0.087719298245614, 'x_3': 0.125}",0.1069395542144775,3,"{'x_1': 1.0, 'x_2': 0.087719298245614, 'x_3': 0.125}"
iris,model_3layers_20neurons.h5,32,0.0604369640350341,3,"{'x_1': 0.4583333333333332, 'x_2': 0.5964912280701755, 'x_3': 0.5416666666666667}",0.2723839282989502,4,"{'x_0': 0.7058823529411764, 'x_1': 0.4583333333333332, 'x_2': 0.5964912280701755, 'x_3': 0.5416666666666667}"
iris,model_3layers_20neurons.h5,33,0.2063448429107666,2,"{'x_2': 0.1052631578947368, 'x_3': 0.0416666666666666}",0.0995230674743652,4,"{'x_0': 0.1470588235294117, 'x_1': 0.5833333333333333, 'x_2': 0.1052631578947368, 'x_3': 0.0416666666666666}"
iris,model_3layers_20neurons.h5,34,0.1799321174621582,2,"{'x_2': 0.0526315789473684, 'x_3': 0.0416666666666666}",0.1039636135101318,4,"{'x_0': 0.0294117647058824, 'x_1': 0.5, 'x_2': 0.0526315789473684, 'x_3': 0.0416666666666666}"
iris,model_3layers_20neurons.h5,35,0.0861766338348388,3,"{'x_1': 0.2083333333333332, 'x_2': 0.7017543859649122, 'x_3': 0.75}",0.1403791904449463,4,"{'x_0': 0.588235294117647, 'x_1': 0.2083333333333332, 'x_2': 0.7017543859649122, 'x_3': 0.75}"
iris,model_3layers_20neurons.h5,36,0.226752758026123,3,"{'x_1': 0.5, 'x_2': 0.6140350877192983, 'x_3': 0.5833333333333334}",0.0974566936492919,4,"{'x_0': 0.6176470588235294, 'x_1': 0.5, 'x_2': 0.6140350877192983, 'x_3': 0.5833333333333334}"
iris,model_3layers_20neurons.h5,37,0.2303769588470459,2,"{'x_2': 0.087719298245614, 'x_3': 0.0416666666666666}",0.1034834384918212,4,"{'x_0': 0.2647058823529413, 'x_1': 0.625, 'x_2': 0.087719298245614, 'x_3': 0.0416666666666666}"
iris,model_3layers_20neurons.h5,38,0.1916208267211914,2,"{'x_2': 0.0701754385964912, 'x_3': 0.0416666666666666}",0.135483980178833,4,"{'x_0': 0.2058823529411764, 'x_1': 0.6666666666666667, 'x_2': 0.0701754385964912, 'x_3': 0.0416666666666666}"
iris,model_3layers_20neurons.h5,39,0.2302510738372802,2,"{'x_2': 0.087719298245614, 'x_3': 0.0}",0.10129976272583,3,"{'x_1': 0.8749999999999998, 'x_2': 0.087719298245614, 'x_3': 0.0}"
iris,model_3layers_20neurons.h5,40,0.131380558013916,3,"{'x_1': 0.2916666666666667, 'x_2': 0.719298245614035, 'x_3': 0.75}",0.1204032897949218,4,"{'x_0': 0.4411764705882353, 'x_1': 0.2916666666666667, 'x_2': 0.719298245614035, 'x_3': 0.75}"
iris,model_3layers_20neurons.h5,41,0.0810248851776123,3,"{'x_1': 0.5833333333333333, 'x_2': 0.6140350877192983, 'x_3': 0.6250000000000001}",0.1192703247070312,4,"{'x_0': 0.5, 'x_1': 0.5833333333333333, 'x_2': 0.6140350877192983, 'x_3': 0.6250000000000001}"
iris,model_3layers_20neurons.h5,42,0.0728778839111328,3,"{'x_1': 0.4583333333333332, 'x_2': 0.6491228070175439, 'x_3': 0.5833333333333334}",0.122129201889038,4,"{'x_0': 0.7058823529411764, 'x_1': 0.4583333333333332, 'x_2': 0.6491228070175439, 'x_3': 0.5833333333333334}"
iris,model_3layers_20neurons.h5,43,0.1937053203582763,2,"{'x_2': 0.0526315789473684, 'x_3': 0.125}",0.1055436134338378,4,"{'x_0': 0.323529411764706, 'x_1': 0.7916666666666665, 'x_2': 0.0526315789473684, 'x_3': 0.125}"
iris,model_3layers_20neurons.h5,44,0.1975612640380859,2,"{'x_2': 0.087719298245614, 'x_3': 0.0416666666666666}",0.1044354438781738,4,"{'x_0': 0.323529411764706, 'x_1': 0.7083333333333333, 'x_2': 0.087719298245614, 'x_3': 0.0416666666666666}"
iris,model_3layers_20neurons.h5,45,0.0851075649261474,3,"{'x_1': 0.1666666666666666, 'x_2': 0.4736842105263158, 'x_3': 0.375}",0.1462533473968505,4,"{'x_0': 0.3529411764705883, 'x_1': 0.1666666666666666, 'x_2': 0.4736842105263158, 'x_3': 0.375}"
iris,model_3layers_20neurons.h5,46,0.0592505931854248,4,"{'x_0': 0.588235294117647, 'x_1': 0.3333333333333332, 'x_2': 0.719298245614035, 'x_3': 0.5833333333333334}",0.1417992115020752,4,"{'x_0': 0.588235294117647, 'x_1': 0.3333333333333332, 'x_2': 0.719298245614035, 'x_3': 0.5833333333333334}"
iris,model_3layers_20neurons.h5,47,0.1311554908752441,3,"{'x_1': 0.4583333333333332, 'x_2': 0.7894736842105262, 'x_3': 0.7083333333333334}",0.1138324737548828,4,"{'x_0': 0.6176470588235294, 'x_1': 0.4583333333333332, 'x_2': 0.7894736842105262, 'x_3': 0.7083333333333334}"
iris,model_3layers_20neurons.h5,48,0.0736961364746093,3,"{'x_1': 0.4166666666666667, 'x_2': 0.5964912280701755, 'x_3': 0.5416666666666667}",0.1210875511169433,4,"{'x_0': 0.6764705882352939, 'x_1': 0.4166666666666667, 'x_2': 0.5964912280701755, 'x_3': 0.5416666666666667}"
iris,model_3layers_20neurons.h5,49,0.2614541053771972,2,"{'x_2': 0.8947368421052629, 'x_3': 1.0}",0.0967354774475097,4,"{'x_0': 0.8529411764705881, 'x_1': 0.6666666666666667, 'x_2': 0.8947368421052629, 'x_3': 1.0}"
iris,model_3layers_20neurons.h5,50,0.0750787258148193,3,"{'x_1': 0.375, 'x_2': 0.5614035087719298, 'x_3': 0.5000000000000001}",0.1014974117279052,4,"{'x_0': 0.411764705882353, 'x_1': 0.375, 'x_2': 0.5614035087719298, 'x_3': 0.5000000000000001}"
iris,model_3layers_20neurons.h5,51,0.1505274772644043,3,"{'x_1': 0.4166666666666667, 'x_2': 0.982456140350877, 'x_3': 0.8333333333333335}",0.1110327243804931,4,"{'x_0': 0.9705882352941176, 'x_1': 0.4166666666666667, 'x_2': 0.982456140350877, 'x_3': 0.8333333333333335}"
iris,model_3layers_20neurons.h5,52,0.0833089351654052,3,"{'x_1': 0.4166666666666667, 'x_2': 0.6140350877192983, 'x_3': 0.5833333333333334}",0.1449012756347656,4,"{'x_0': 0.3823529411764705, 'x_1': 0.4166666666666667, 'x_2': 0.6140350877192983, 'x_3': 0.5833333333333334}"
iris,model_3layers_20neurons.h5,53,0.255608320236206,2,"{'x_2': 0.0701754385964912, 'x_3': 0.0416666666666666}",0.1024103164672851,4,"{'x_0': 0.2352941176470586, 'x_1': 0.625, 'x_2': 0.0701754385964912, 'x_3': 0.0416666666666666}"
iris,model_3layers_20neurons.h5,54,0.1269350051879882,3,"{'x_1': 0.3333333333333332, 'x_2': 1.0, 'x_3': 0.7916666666666667}",0.1130721569061279,4,"{'x_0': 0.9999999999999998, 'x_1': 0.3333333333333332, 'x_2': 1.0, 'x_3': 0.7916666666666667}"
iris,model_3layers_20neurons.h5,55,0.108579397201538,3,"{'x_1': 0.2916666666666667, 'x_2': 0.5438596491228069, 'x_3': 0.375}",0.1340954303741455,4,"{'x_0': 0.4411764705882353, 'x_1': 0.2916666666666667, 'x_2': 0.5438596491228069, 'x_3': 0.375}"
iris,model_3layers_20neurons.h5,56,0.2100393772125244,2,"{'x_2': 0.0701754385964912, 'x_3': 0.0416666666666666}",0.1121048927307128,4,"{'x_0': 0.2647058823529413, 'x_1': 0.5833333333333333, 'x_2': 0.0701754385964912, 'x_3': 0.0416666666666666}"
iris,model_3layers_20neurons.h5,57,0.1677322387695312,2,"{'x_2': 0.0526315789473684, 'x_3': 0.0833333333333333}",0.1262683868408203,4,"{'x_0': 0.2058823529411764, 'x_1': 0.625, 'x_2': 0.0526315789473684, 'x_3': 0.0833333333333333}"
iris,model_3layers_20neurons.h5,58,0.1495246887207031,2,"{'x_2': 0.1578947368421052, 'x_3': 0.125}",0.3056750297546386,4,"{'x_0': 0.2352941176470586, 'x_1': 0.7499999999999998, 'x_2': 0.1578947368421052, 'x_3': 0.125}"
iris,model_3layers_20neurons.h5,59,0.1262025833129882,3,"{'x_1': 0.0, 'x_2': 0.4385964912280701, 'x_3': 0.375}",0.1433591842651367,4,"{'x_0': 0.2058823529411764, 'x_1': 0.0, 'x_2': 0.4385964912280701, 'x_3': 0.375}"
iris,model_3layers_20neurons.h5,60,0.1116597652435302,3,"{'x_1': 0.2916666666666667, 'x_2': 0.6842105263157895, 'x_3': 0.7083333333333334}",0.1140859127044677,4,"{'x_0': 0.588235294117647, 'x_1': 0.2916666666666667, 'x_2': 0.6842105263157895, 'x_3': 0.7083333333333334}"
iris,model_3layers_20neurons.h5,61,0.2127220630645752,2,"{'x_2': 0.1578947368421052, 'x_3': 0.0416666666666666}",0.0997607707977294,4,"{'x_0': 0.1470588235294117, 'x_1': 0.5833333333333333, 'x_2': 0.1578947368421052, 'x_3': 0.0416666666666666}"
iris,model_3layers_20neurons.h5,62,0.2011098861694336,2,"{'x_2': 0.1052631578947368, 'x_3': 0.0416666666666666}",0.2132081985473632,4,"{'x_0': 0.2058823529411764, 'x_1': 0.4166666666666667, 'x_2': 0.1052631578947368, 'x_3': 0.0416666666666666}"
iris,model_3layers_20neurons.h5,63,0.1219246387481689,3,"{'x_1': 0.5416666666666665, 'x_2': 0.1228070175438596, 'x_3': 0.1666666666666666}",0.1356830596923828,4,"{'x_0': 0.2352941176470586, 'x_1': 0.5416666666666665, 'x_2': 0.1228070175438596, 'x_3': 0.1666666666666666}"
iris,model_3layers_20neurons.h5,64,0.0804982185363769,3,"{'x_1': 0.2916666666666667, 'x_2': 0.5614035087719298, 'x_3': 0.5000000000000001}",0.124896764755249,4,"{'x_0': 0.3823529411764705, 'x_1': 0.2916666666666667, 'x_2': 0.5614035087719298, 'x_3': 0.5000000000000001}"
iris,model_3layers_20neurons.h5,65,0.2701828479766845,2,"{'x_2': 0.087719298245614, 'x_3': 0.0416666666666666}",0.1441359519958496,4,"{'x_0': 0.2352941176470586, 'x_1': 0.5833333333333333, 'x_2': 0.087719298245614, 'x_3': 0.0416666666666666}"
iris,model_3layers_20neurons.h5,66,0.0955674648284912,3,"{'x_1': 0.4166666666666667, 'x_2': 0.5614035087719298, 'x_3': 0.4583333333333333}",0.1485078334808349,4,"{'x_0': 0.411764705882353, 'x_1': 0.4166666666666667, 'x_2': 0.5614035087719298, 'x_3': 0.4583333333333333}"
iris,model_3layers_20neurons.h5,67,0.1453809738159179,3,"{'x_1': 0.7499999999999998, 'x_2': 1.0, 'x_3': 0.8750000000000001}",0.147716999053955,4,"{'x_0': 0.9999999999999998, 'x_1': 0.7499999999999998, 'x_2': 1.0, 'x_3': 0.8750000000000001}"
iris,model_3layers_20neurons.h5,68,0.2527806758880615,2,"{'x_2': 0.0701754385964912, 'x_3': 0.0416666666666666}",0.1289494037628173,4,"{'x_0': 0.0882352941176469, 'x_1': 0.5, 'x_2': 0.0701754385964912, 'x_3': 0.0416666666666666}"
iris,model_3layers_20neurons.h5,69,0.1091189384460449,3,"{'x_1': 0.375, 'x_2': 0.5789473684210525, 'x_3': 0.5000000000000001}",0.1483020782470703,4,"{'x_0': 0.5588235294117647, 'x_1': 0.375, 'x_2': 0.5789473684210525, 'x_3': 0.5000000000000001}"
iris,model_3layers_20neurons.h5,70,0.1244773864746093,3,"{'x_1': 0.2083333333333332, 'x_2': 0.7017543859649122, 'x_3': 0.7916666666666667}",0.145374059677124,4,"{'x_0': 0.411764705882353, 'x_1': 0.2083333333333332, 'x_2': 0.7017543859649122, 'x_3': 0.7916666666666667}"
iris,model_3layers_20neurons.h5,71,0.2997360229492187,2,"{'x_2': 0.0701754385964912, 'x_3': 0.0416666666666666}",0.1303386688232422,3,"{'x_1': 0.9166666666666669, 'x_2': 0.0701754385964912, 'x_3': 0.0416666666666666}"
iris,model_3layers_20neurons.h5,72,0.1506590843200683,3,"{'x_1': 0.4166666666666667, 'x_2': 0.6666666666666666, 'x_3': 0.7083333333333334}",0.1602709293365478,4,"{'x_0': 0.5, 'x_1': 0.4166666666666667, 'x_2': 0.6666666666666666, 'x_3': 0.7083333333333334}"
iris,model_3layers_20neurons.h5,73,0.1627204418182373,3,"{'x_1': 0.2916666666666667, 'x_2': 0.719298245614035, 'x_3': 0.75}",0.1288704872131347,4,"{'x_0': 0.4411764705882353, 'x_1': 0.2916666666666667, 'x_2': 0.719298245614035, 'x_3': 0.75}"
iris,model_3layers_20neurons.h5,74,0.1451716423034668,3,"{'x_1': 0.0833333333333333, 'x_2': 0.5263157894736842, 'x_3': 0.375}",0.14131760597229,4,"{'x_0': 0.5, 'x_1': 0.0833333333333333, 'x_2': 0.5263157894736842, 'x_3': 0.375}"
iris,model_3layers_20neurons.h5,75,0.2148802280426025,3,"{'x_1': 0.4166666666666667, 'x_2': 0.6140350877192983, 'x_3': 0.5833333333333334}",0.1570253372192382,4,"{'x_0': 0.323529411764706, 'x_1': 0.4166666666666667, 'x_2': 0.6140350877192983, 'x_3': 0.5833333333333334}"
iris,model_3layers_20neurons.h5,76,0.121795654296875,3,"{'x_1': 0.5833333333333333, 'x_2': 0.7719298245614036, 'x_3': 0.9166666666666666}",0.1824889183044433,4,"{'x_0': 0.5588235294117647, 'x_1': 0.5833333333333333, 'x_2': 0.7719298245614036, 'x_3': 0.9166666666666666}"
iris,model_3layers_20neurons.h5,77,0.2000138759613037,3,"{'x_1': 0.1249999999999998, 'x_2': 0.5263157894736842, 'x_3': 0.5000000000000001}",0.1137716770172119,4,"{'x_0': 0.3529411764705883, 'x_1': 0.1249999999999998, 'x_2': 0.5263157894736842, 'x_3': 0.5000000000000001}"
iris,model_3layers_20neurons.h5,78,0.2212328910827636,2,"{'x_2': 0.1228070175438596, 'x_3': 0.125}",0.1048564910888671,4,"{'x_0': 0.323529411764706, 'x_1': 0.7916666666666665, 'x_2': 0.1228070175438596, 'x_3': 0.125}"
iris,model_3layers_20neurons.h5,79,0.0986883640289306,3,"{'x_1': 0.1249999999999998, 'x_2': 0.4035087719298245, 'x_3': 0.375}",0.1523833274841308,4,"{'x_0': 0.2058823529411764, 'x_1': 0.1249999999999998, 'x_2': 0.4035087719298245, 'x_3': 0.375}"
iris,model_3layers_20neurons.h5,80,0.1313662528991699,3,"{'x_1': 0.2916666666666667, 'x_2': 0.7543859649122806, 'x_3': 0.75}",0.1167957782745361,4,"{'x_0': 0.6176470588235294, 'x_1': 0.2916666666666667, 'x_2': 0.7543859649122806, 'x_3': 0.75}"
iris,model_3layers_20neurons.h5,81,0.1890287399291992,2,"{'x_2': 0.0701754385964912, 'x_3': 0.0416666666666666}",0.1107923984527587,4,"{'x_0': 0.2058823529411764, 'x_1': 0.5416666666666665, 'x_2': 0.0701754385964912, 'x_3': 0.0416666666666666}"
iris,model_3layers_20neurons.h5,82,0.1454322338104248,2,"{'x_2': 0.0350877192982456, 'x_3': 0.0416666666666666}",0.1313536167144775,4,"{'x_0': 0.2058823529411764, 'x_1': 0.5, 'x_2': 0.0350877192982456, 'x_3': 0.0416666666666666}"
iris,model_3layers_20neurons.h5,83,0.1410679817199707,3,"{'x_1': 0.1666666666666666, 'x_2': 0.4912280701754385, 'x_3': 0.4166666666666667}",0.2982125282287597,4,"{'x_0': 0.3529411764705883, 'x_1': 0.1666666666666666, 'x_2': 0.4912280701754385, 'x_3': 0.4166666666666667}"
iris,model_3layers_20neurons.h5,84,0.1124353408813476,3,"{'x_1': 0.4166666666666667, 'x_2': 0.7017543859649122, 'x_3': 0.6666666666666667}",0.1238372325897216,4,"{'x_0': 0.7058823529411764, 'x_1': 0.4166666666666667, 'x_2': 0.7017543859649122, 'x_3': 0.6666666666666667}"
iris,model_3layers_20neurons.h5,85,0.2156291007995605,2,"{'x_2': 0.087719298245614, 'x_3': 0.0416666666666666}",0.0969269275665283,4,"{'x_0': 0.1764705882352943, 'x_1': 0.4583333333333332, 'x_2': 0.087719298245614, 'x_3': 0.0416666666666666}"
iris,model_3layers_20neurons.h5,86,0.1066491603851318,3,"{'x_1': 0.3333333333333332, 'x_2': 0.719298245614035, 'x_3': 0.9583333333333334}",0.1414599418640136,4,"{'x_0': 0.4411764705882353, 'x_1': 0.3333333333333332, 'x_2': 0.719298245614035, 'x_3': 0.9583333333333334}"
iris,model_3layers_20neurons.h5,87,0.3089840412139892,2,"{'x_2': 0.087719298245614, 'x_3': 0.0416666666666666}",0.0953729152679443,4,"{'x_0': 0.2058823529411764, 'x_1': 0.5833333333333333, 'x_2': 0.087719298245614, 'x_3': 0.0416666666666666}"
iris,model_3layers_20neurons.h5,88,0.1333253383636474,3,"{'x_1': 0.625, 'x_2': 0.1052631578947368, 'x_3': 0.2083333333333333}",0.1428906917572021,4,"{'x_0': 0.2058823529411764, 'x_1': 0.625, 'x_2': 0.1052631578947368, 'x_3': 0.2083333333333333}"
iris,model_3layers_20neurons.h5,89,0.0500314235687255,4,"{'x_0': 0.4705882352941177, 'x_1': 0.5, 'x_2': 0.6666666666666666, 'x_3': 0.7083333333333334}",0.1410820484161377,4,"{'x_0': 0.4705882352941177, 'x_1': 0.5, 'x_2': 0.6666666666666666, 'x_3': 0.7083333333333334}"
iris,model_3layers_20neurons.h5,90,0.1028053760528564,3,"{'x_1': 0.2083333333333332, 'x_2': 0.3508771929824561, 'x_3': 0.4166666666666667}",0.1313896179199218,4,"{'x_0': 0.2352941176470586, 'x_1': 0.2083333333333332, 'x_2': 0.3508771929824561, 'x_3': 0.4166666666666667}"
iris,model_3layers_20neurons.h5,91,0.1226253509521484,3,"{'x_1': 0.5, 'x_2': 0.8245614035087719, 'x_3': 0.9166666666666666}",0.1360056400299072,4,"{'x_0': 0.7647058823529413, 'x_1': 0.5, 'x_2': 0.8245614035087719, 'x_3': 0.9166666666666666}"
iris,model_3layers_20neurons.h5,92,0.0885651111602783,3,"{'x_1': 0.2916666666666667, 'x_2': 0.719298245614035, 'x_3': 0.6250000000000001}",0.1384656429290771,4,"{'x_0': 0.5, 'x_1': 0.2916666666666667, 'x_2': 0.719298245614035, 'x_3': 0.6250000000000001}"
iris,model_3layers_20neurons.h5,93,0.10978364944458,3,"{'x_1': 0.25, 'x_2': 0.807017543859649, 'x_3': 0.5416666666666667}",0.1252379417419433,4,"{'x_0': 0.5294117647058822, 'x_1': 0.25, 'x_2': 0.807017543859649, 'x_3': 0.5416666666666667}"
iris,model_3layers_20neurons.h5,94,0.0926458835601806,3,"{'x_1': 0.4166666666666667, 'x_2': 0.8947368421052629, 'x_3': 0.9166666666666666}",0.1252427101135254,4,"{'x_0': 0.9999999999999998, 'x_1': 0.4166666666666667, 'x_2': 0.8947368421052629, 'x_3': 0.9166666666666666}"
iris,model_3layers_20neurons.h5,95,0.0818641185760498,3,"{'x_1': 0.2083333333333332, 'x_2': 0.5263157894736842, 'x_3': 0.5000000000000001}",0.1764001846313476,4,"{'x_0': 0.3529411764705883, 'x_1': 0.2083333333333332, 'x_2': 0.5263157894736842, 'x_3': 0.5000000000000001}"
iris,model_3layers_20neurons.h5,96,0.2403182983398437,2,"{'x_2': 0.0701754385964912, 'x_3': 0.0416666666666666}",0.1158056259155273,4,"{'x_0': 0.0294117647058824, 'x_1': 0.375, 'x_2': 0.0701754385964912, 'x_3': 0.0416666666666666}"
iris,model_3layers_20neurons.h5,97,0.1582438945770263,2,"{'x_2': 0.0175438596491228, 'x_3': 0.0}",0.2194652557373047,4,"{'x_0': 0.0, 'x_1': 0.4166666666666667, 'x_2': 0.0175438596491228, 'x_3': 0.0}"
iris,model_3layers_20neurons.h5,98,0.3226540088653564,3,"{'x_1': 0.0833333333333333, 'x_2': 0.7017543859649122, 'x_3': 0.5833333333333334}",0.2348396778106689,4,"{'x_0': 0.5, 'x_1': 0.0833333333333333, 'x_2': 0.7017543859649122, 'x_3': 0.5833333333333334}"
iris,model_3layers_20neurons.h5,99,0.17943930625915527,3,"{'x_1': 0.5, 'x_2': 0.8771929824561403, 'x_3': 0.7083333333333334}",0.14188218116760254,4,"{'x_0': 0.8529411764705881, 'x_1': 0.5, 'x_2': 0.8771929824561403, 'x_3': 0.7083333333333334}"
