dataset,modelo,instance,time_milp,len_milp,time_milp_relaxed,len_milp_relaxed
digits,model_1layers_20neurons.h5,0,1.189863920211792,43,"[0.3623652458190918, 0.33780479431152344, 0.340684175491333, 0.4070117473602295, 0.5503513813018799, 0.501976490020752, 0.5095391273498535, 0.4903888702392578, 0.5049960613250732, 0.46063780784606934]","[2, 2, 2, 2, 64, 64, 64, 64, 64, 64]"
digits,model_1layers_20neurons.h5,1,1.96118688583374,43,"[0.3285224437713623, 0.34732556343078613, 0.3568992614746094, 0.35364866256713867, 0.5187890529632568, 0.4980204105377197, 0.5466980934143066, 0.4795541763305664, 0.5025413036346436, 0.46416401863098145]","[2, 2, 9, 11, 64, 64, 64, 64, 64, 64]"
digits,model_1layers_20neurons.h5,2,1.448481798171997,44,"[0.36514854431152344, 0.308307409286499, 0.31640028953552246, 0.3582022190093994, 0.5119249820709229, 0.5166325569152832, 0.6828048229217529, 0.5308480262756348, 0.47832274436950684, 0.4660978317260742]","[3, 5, 5, 5, 64, 64, 64, 64, 64, 64]"
digits,model_1layers_20neurons.h5,3,1.261577844619751,44,"[0.3112070560455322, 0.33061766624450684, 0.3357260227203369, 0.31798219680786133, 0.5084409713745117, 0.5074548721313477, 0.49669480323791504, 0.525223970413208, 0.4893810749053955, 0.483156681060791]","[1, 2, 2, 2, 64, 64, 64, 64, 64, 64]"
digits,model_1layers_20neurons.h5,4,1.4934217929840088,46,"[0.31722521781921387, 0.3314990997314453, 0.3276059627532959, 0.32692933082580566, 0.5134570598602295, 0.49225878715515137, 0.5110650062561035, 0.4893929958343506, 0.5010981559753418, 0.4834251403808594]","[3, 4, 4, 4, 64, 64, 64, 64, 64, 64]"
digits,model_1layers_20neurons.h5,5,1.306642770767212,44,"[0.3315575122833252, 0.3146345615386963, 0.3008553981781006, 0.34168004989624023, 0.5302913188934326, 0.525911808013916, 0.5254158973693848, 0.48903965950012207, 0.5017468929290771, 0.470015287399292]","[2, 2, 2, 2, 64, 64, 64, 64, 64, 64]"
digits,model_1layers_20neurons.h5,6,1.5554676055908203,44,"[0.3262052536010742, 0.34766364097595215, 0.3359532356262207, 0.3389899730682373, 0.50030517578125, 0.5060968399047852, 0.4860391616821289, 0.5134468078613281, 0.4843864440917969, 0.5089621543884277]","[2, 4, 4, 10, 64, 64, 64, 64, 64, 64]"
digits,model_1layers_20neurons.h5,7,2.0715131759643555,40,"[0.32770395278930664, 0.32570648193359375, 0.3449079990386963, 0.34808897972106934, 0.4892764091491699, 0.5107271671295166, 0.5022079944610596, 0.4955623149871826, 0.49045562744140625, 0.49127697944641113]","[3, 3, 3, 10, 64, 64, 64, 64, 64, 64]"
digits,model_1layers_20neurons.h5,8,1.3624470233917236,40,"[0.3268110752105713, 0.33599066734313965, 0.3525702953338623, 0.31696486473083496, 0.5255515575408936, 0.49890899658203125, 0.5031352043151855, 0.4994027614593506, 0.48783111572265625, 0.4948465824127197]","[2, 2, 2, 2, 64, 64, 64, 64, 64, 64]"
digits,model_1layers_20neurons.h5,9,1.1057512760162354,47,"[0.3244481086730957, 0.3656291961669922, 0.34101152420043945, 0.3508458137512207, 0.5131528377532959, 0.48393845558166504, 0.502061128616333, 0.5073587894439697, 0.468250036239624, 0.48719215393066406]","[2, 10, 10, 10, 64, 64, 64, 64, 64, 64]"
digits,model_1layers_20neurons.h5,10,1.4005131721496582,40,"[0.3233766555786133, 0.3216543197631836, 0.30089616775512695, 0.33008551597595215, 0.572180986404419, 0.5073554515838623, 0.7390637397766113, 0.6575210094451904, 0.5324573516845703, 0.49483156204223633]","[1, 2, 2, 9, 64, 64, 64, 64, 64, 64]"
digits,model_1layers_20neurons.h5,11,1.1952168941497805,50,"[0.5061120986938477, 0.3271462917327881, 0.3750922679901123, 0.43076658248901367, 0.5954198837280273, 0.5047616958618164, 0.5196921825408936, 0.4641385078430176, 0.4944496154785156, 0.4731152057647705]","[2, 2, 3, 29, 64, 64, 64, 64, 64, 64]"
digits,model_1layers_20neurons.h5,12,1.2551822662353516,43,"[0.3064274787902832, 0.35660791397094727, 0.32773256301879883, 0.3868536949157715, 0.49926161766052246, 0.4956352710723877, 0.5017471313476562, 0.45850276947021484, 0.5016810894012451, 0.4707005023956299]","[5, 5, 5, 25, 64, 64, 64, 64, 64, 64]"
digits,model_1layers_20neurons.h5,13,1.0349109172821045,44,"[0.33524298667907715, 0.34204840660095215, 0.31250572204589844, 0.31960296630859375, 0.5191419124603271, 0.4745666980743408, 0.5033721923828125, 0.46578359603881836, 0.4879424571990967, 0.5011181831359863]","[4, 4, 4, 4, 64, 64, 64, 64, 64, 64]"
digits,model_1layers_20neurons.h5,14,1.367928981781006,46,"[0.5547420978546143, 0.3042120933532715, 0.32602953910827637, 0.33088231086730957, 0.5233414173126221, 0.5277376174926758, 0.5058186054229736, 0.5385596752166748, 0.5034904479980469, 0.4843454360961914]","[2, 2, 2, 2, 64, 64, 64, 64, 64, 64]"
digits,model_1layers_20neurons.h5,15,1.1699230670928955,42,"[0.304424524307251, 0.30075550079345703, 0.31411290168762207, 0.3498859405517578, 0.5138082504272461, 0.5302934646606445, 0.5233182907104492, 0.5434834957122803, 0.5130071640014648, 0.5253088474273682]","[1, 1, 2, 9, 64, 64, 64, 64, 64, 64]"
digits,model_1layers_20neurons.h5,16,1.2218849658966064,46,"[0.3315091133117676, 0.3290424346923828, 0.33868932723999023, 0.3729250431060791, 0.5170106887817383, 0.4849839210510254, 0.4871835708618164, 0.5108916759490967, 0.4843459129333496, 0.4929218292236328]","[2, 2, 2, 19, 64, 64, 64, 64, 64, 64]"
digits,model_1layers_20neurons.h5,17,1.3159334659576416,44,"[0.32764554023742676, 0.35047483444213867, 0.3066096305847168, 0.37549448013305664, 0.5479764938354492, 0.5426108837127686, 0.5281410217285156, 0.47877049446105957, 0.5032835006713867, 0.472919225692749]","[2, 2, 2, 18, 64, 64, 64, 64, 64, 64]"
digits,model_1layers_20neurons.h5,18,1.527414083480835,47,"[0.33527612686157227, 0.3257012367248535, 0.33061814308166504, 0.5163671970367432, 0.503922700881958, 0.525747537612915, 0.502211332321167, 0.5049188137054443, 0.47917842864990234, 0.5018072128295898]","[1, 2, 2, 64, 64, 64, 64, 64, 64, 64]"
digits,model_1layers_20neurons.h5,19,1.36206316947937,42,"[0.31716418266296387, 0.35259294509887695, 0.3533897399902344, 0.34145689010620117, 0.5363526344299316, 0.48207712173461914, 0.5215909481048584, 0.4944746494293213, 0.4976515769958496, 0.45723605155944824]","[2, 5, 10, 10, 64, 64, 64, 64, 64, 64]"
digits,model_1layers_20neurons.h5,20,1.4055540561676023,45,"[0.3257317543029785, 0.3251049518585205, 0.3032844066619873, 0.3407020568847656, 0.5113756656646729, 0.4916057586669922, 0.5182316303253174, 0.4886741638183594, 0.5202593803405762, 0.458935022354126]","[2, 4, 4, 4, 64, 64, 64, 64, 64, 64]"
digits,model_1layers_20neurons.h5,21,1.6287477016448977,41,"[0.3103494644165039, 0.3309757709503174, 0.3482208251953125, 0.29581570625305176, 0.4914281368255615, 0.5141434669494629, 0.4919593334197998, 0.4948122501373291, 0.4754652976989746, 0.5431361198425293]","[1, 2, 2, 2, 64, 64, 64, 64, 64, 64]"
digits,model_1layers_20neurons.h5,22,2.939769506454468,40,"[0.3929877281188965, 0.3401670455932617, 0.3422255516052246, 0.32259202003479004, 0.4986724853515625, 0.49478888511657715, 0.5014238357543945, 0.49642491340637207, 0.49086833000183105, 0.47152090072631836]","[3, 3, 3, 3, 64, 64, 64, 64, 64, 64]"
digits,model_1layers_20neurons.h5,23,1.3086321353912354,41,"[0.31643009185791016, 0.31934618949890137, 0.32141757011413574, 0.3465704917907715, 0.49609899520874023, 0.5275516510009766, 0.48742222785949707, 0.4924631118774414, 0.5046849250793457, 0.5080685615539551]","[2, 2, 2, 2, 64, 64, 64, 64, 64, 64]"
digits,model_1layers_20neurons.h5,24,1.004352331161499,46,"[0.3945941925048828, 0.5739188194274902, 0.3410830497741699, 0.389249324798584, 0.6202712059020996, 0.5426301956176758, 0.48911499977111816, 0.5900304317474365, 0.6403944492340088, 0.6911580562591553]","[2, 2, 2, 17, 64, 64, 64, 64, 64, 64]"
digits,model_1layers_20neurons.h5,25,1.153820276260376,47,"[0.4562399387359619, 0.39107203483581543, 0.32843732833862305, 0.3891642093658447, 0.5319356918334961, 0.5264341831207275, 0.5772244930267334, 0.7022528648376465, 0.5710797309875488, 0.5222399234771729]","[1, 2, 6, 6, 64, 64, 64, 64, 64, 64]"
digits,model_1layers_20neurons.h5,26,1.2390077114105225,48,"[0.5405669212341309, 0.31081271171569824, 0.32126450538635254, 0.3482093811035156, 0.514052152633667, 0.4676859378814697, 0.48258280754089355, 0.4684329032897949, 0.4874870777130127, 0.4671363830566406]","[3, 3, 4, 25, 64, 64, 64, 64, 64, 64]"
digits,model_1layers_20neurons.h5,27,1.0045993328094482,50,"[0.29825377464294434, 0.3320634365081787, 0.29438304901123047, 0.37071990966796875, 0.4816007614135742, 0.4603385925292969, 0.48940515518188477, 0.45705103874206543, 0.4551241397857666, 0.47065281867980957]","[2, 2, 5, 27, 64, 64, 64, 64, 64, 64]"
digits,model_1layers_20neurons.h5,28,1.1558749675750732,47,"[0.3043084144592285, 0.30907773971557617, 0.3337998390197754, 0.3213808536529541, 0.5655806064605713, 0.5013566017150879, 0.49811267852783203, 0.5014410018920898, 0.45655131340026855, 0.47884583473205566]","[3, 3, 3, 3, 64, 64, 64, 64, 64, 64]"
digits,model_1layers_20neurons.h5,29,1.821221113204956,43,"[0.3362598419189453, 0.3479619026184082, 0.371476411819458, 0.7360737323760986, 0.5542504787445068, 0.528883695602417, 0.5445525646209717, 0.526202917098999, 0.555239200592041, 0.490215539932251]","[2, 2, 2, 2, 64, 64, 64, 64, 64, 64]"
digits,model_1layers_20neurons.h5,30,2.123700857162476,41,"[0.3962736129760742, 0.3935425281524658, 0.3952016830444336, 0.3725707530975342, 0.5343656539916992, 0.5954897403717041, 0.8796200752258301, 0.5742390155792236, 0.5683488845825195, 0.48094964027404785]","[1, 1, 10, 21, 64, 64, 64, 64, 64, 64]"
digits,model_1layers_20neurons.h5,31,2.18449068069458,48,"[0.3926074504852295, 0.3127110004425049, 0.33240556716918945, 0.330538272857666, 0.6203222274780273, 0.4766688346862793, 0.5458967685699463, 0.4785122871398926, 0.5695235729217529, 0.48322272300720215]","[3, 4, 4, 4, 64, 64, 64, 64, 64, 64]"
digits,model_1layers_20neurons.h5,32,1.0763108730316162,49,"[0.30040454864501953, 0.32170653343200684, 0.35027551651000977, 0.34511613845825195, 0.5749638080596924, 0.5297355651855469, 0.5515415668487549, 0.4883849620819092, 0.5048182010650635, 0.5085830688476562]","[2, 2, 5, 5, 64, 64, 64, 64, 64, 64]"
digits,model_1layers_20neurons.h5,33,2.986314296722412,44,"[0.45731186866760254, 0.3293006420135498, 0.3151688575744629, 0.2950553894042969, 0.6110537052154541, 0.5178041458129883, 0.594458818435669, 0.5931603908538818, 0.5077433586120605, 0.487598180770874]","[2, 2, 4, 5, 64, 64, 64, 64, 64, 64]"
digits,model_1layers_20neurons.h5,34,1.325448989868164,45,"[0.3737831115722656, 0.3098475933074951, 0.28314661979675293, 0.2813112735748291, 0.5866296291351318, 0.5348668098449707, 0.48842525482177734, 0.4582030773162842, 0.4827461242675781, 0.45740413665771484]","[2, 4, 4, 4, 64, 64, 64, 64, 64, 64]"
digits,model_1layers_20neurons.h5,35,2.5306570529937744,41,"[0.3911159038543701, 0.31084489822387695, 0.3144686222076416, 0.3764634132385254, 0.5573875904083252, 0.5698857307434082, 0.4860234260559082, 0.5813508033752441, 0.5536227226257324, 0.672882080078125]","[3, 3, 3, 27, 64, 64, 64, 64, 64, 64]"
digits,model_1layers_20neurons.h5,36,2.6726293563842773,41,"[0.5513215065002441, 0.4216623306274414, 0.35169291496276855, 0.4043235778808594, 0.47762608528137207, 0.434537410736084, 0.4885728359222412, 0.45876312255859375, 0.4638054370880127, 0.45067739486694336]","[2, 17, 17, 33, 64, 64, 64, 64, 64, 64]"
digits,model_1layers_20neurons.h5,37,1.060060739517212,43,"[0.6002798080444336, 0.36002612113952637, 0.3416166305541992, 0.4169752597808838, 0.4775071144104004, 0.49791765213012695, 0.48014044761657715, 0.5201585292816162, 1.5069806575775146, 1.788811206817627]","[4, 17, 17, 35, 64, 64, 64, 64, 64, 64]"
digits,model_1layers_20neurons.h5,38,1.3461706638336182,49,"[0.4076395034790039, 0.7635042667388916, 0.3522365093231201, 0.3110790252685547, 0.5404589176177979, 0.5379891395568848, 0.5823819637298584, 0.8392295837402344, 0.6495296955108643, 0.6542282104492188]","[1, 1, 1, 1, 64, 64, 64, 64, 64, 64]"
digits,model_1layers_20neurons.h5,39,1.5648424625396729,42,"[0.32709264755249023, 0.3375406265258789, 0.37896275520324707, 0.36128997802734375, 0.5099191665649414, 0.5126338005065918, 0.5121674537658691, 0.49970102310180664, 0.5349206924438477, 0.528355598449707]","[2, 2, 11, 20, 64, 64, 64, 64, 64, 64]"
digits,model_1layers_20neurons.h5,40,1.7879855632781982,39,"[0.3053708076477051, 0.3426060676574707, 0.3496215343475342, 0.3223228454589844, 0.4649622440338135, 0.48021483421325684, 0.4689464569091797, 0.5117394924163818, 0.45836591720581055, 0.469041109085083]","[2, 4, 10, 10, 64, 64, 64, 64, 64, 64]"
digits,model_1layers_20neurons.h5,41,1.3285231590270996,44,"[0.33191823959350586, 0.3589963912963867, 0.32162022590637207, 0.30815815925598145, 0.5673000812530518, 0.5211312770843506, 0.47268128395080566, 0.4931039810180664, 0.4596095085144043, 0.4657707214355469]","[1, 2, 2, 2, 64, 64, 64, 64, 64, 64]"
digits,model_1layers_20neurons.h5,42,2.3590729236602783,40,"[0.345170259475708, 0.41537904739379883, 0.37566590309143066, 0.5197603702545166, 0.6564013957977295, 0.5939183235168457, 0.5422720909118652, 0.4901132583618164, 0.49109554290771484, 0.4466402530670166]","[5, 5, 5, 18, 64, 64, 64, 64, 64, 64]"
digits,model_1layers_20neurons.h5,43,1.5610406398773191,42,"[0.28477048873901367, 0.28665781021118164, 0.31949472427368164, 0.291825532913208, 0.4641458988189697, 0.4793059825897217, 0.4489617347717285, 0.46383023262023926, 0.45111966133117676, 0.44338107109069824]","[2, 2, 2, 2, 64, 64, 64, 64, 64, 64]"
digits,model_1layers_20neurons.h5,44,1.2807965278625488,43,"[0.30497097969055176, 0.28345298767089844, 0.3069632053375244, 0.36060667037963867, 0.43476319313049316, 0.4777495861053467, 0.45325231552124023, 0.4419865608215332, 0.4573190212249756, 0.42125582695007324]","[3, 3, 3, 21, 64, 64, 64, 64, 64, 64]"
digits,model_1layers_20neurons.h5,45,1.018061876296997,49,"[0.31588149070739746, 0.30454111099243164, 0.3086967468261719, 0.2994508743286133, 0.4756298065185547, 0.4494750499725342, 0.47678542137145996, 0.44949936866760254, 0.4342951774597168, 0.4533226490020752]","[3, 3, 3, 3, 64, 64, 64, 64, 64, 64]"
digits,model_1layers_20neurons.h5,46,1.727426052093506,37,"[0.3138554096221924, 0.2990901470184326, 0.2987947463989258, 0.34796857833862305, 0.46959805488586426, 0.5936827659606934, 0.4625697135925293, 0.44931864738464355, 0.45232677459716797, 0.4193427562713623]","[1, 2, 2, 9, 64, 64, 64, 64, 64, 64]"
digits,model_1layers_20neurons.h5,47,0.9660983085632324,47,"[0.29149651527404785, 0.3133270740509033, 0.2801668643951416, 0.3485074043273926, 0.49294614791870117, 0.4507260322570801, 0.4831840991973877, 0.4438614845275879, 0.433211088180542, 0.4440953731536865]","[2, 2, 2, 27, 64, 64, 64, 64, 64, 64]"
digits,model_1layers_20neurons.h5,48,1.2132911682128906,49,"[0.28996872901916504, 0.30884885787963867, 0.3106570243835449, 0.34052610397338867, 0.4722726345062256, 0.46385836601257324, 0.45319628715515137, 0.4614131450653076, 0.4443094730377197, 0.45993924140930176]","[4, 4, 4, 25, 64, 64, 64, 64, 64, 64]"
digits,model_1layers_20neurons.h5,49,1.5238935947418213,44,"[0.30448460578918457, 0.30997729301452637, 0.26793384552001953, 0.2767374515533447, 0.4653315544128418, 0.4586009979248047, 0.44972968101501465, 0.49155092239379883, 0.44039177894592285, 0.6677637100219727]","[3, 3, 3, 3, 64, 64, 64, 64, 64, 64]"
digits,model_1layers_20neurons.h5,50,1.5184779167175293,43,"[0.31746912002563477, 0.323699951171875, 0.28676557540893555, 0.3051743507385254, 0.4766349792480469, 0.44313740730285645, 0.47419118881225586, 0.4611976146697998, 0.45841217041015625, 0.4420628547668457]","[2, 4, 4, 4, 64, 64, 64, 64, 64, 64]"
digits,model_1layers_20neurons.h5,51,1.973825454711914,46,"[0.30158567428588867, 0.3027627468109131, 0.3295717239379883, 0.29727792739868164, 0.4576859474182129, 0.4925854206085205, 0.4587564468383789, 0.47630858421325684, 0.4369502067565918, 0.43776559829711914]","[2, 2, 5, 5, 64, 64, 64, 64, 64, 64]"
digits,model_1layers_20neurons.h5,52,1.161470651626587,46,"[0.29371213912963867, 0.27562808990478516, 0.306898832321167, 0.31746768951416016, 0.4435293674468994, 0.4725680351257324, 0.4674720764160156, 0.4313194751739502, 0.4783473014831543, 0.4284977912902832]","[3, 3, 3, 3, 64, 64, 64, 64, 64, 64]"
digits,model_1layers_20neurons.h5,53,1.4661316871643066,44,"[0.3124520778656006, 0.3072547912597656, 0.3112607002258301, 0.3389322757720947, 0.4603865146636963, 0.4957859516143799, 0.4413576126098633, 0.4452979564666748, 0.452467679977417, 0.4636874198913574]","[3, 3, 3, 12, 64, 64, 64, 64, 64, 64]"
digits,model_1layers_20neurons.h5,54,1.9290413856506348,43,"[0.30916881561279297, 0.35005640983581543, 0.3239130973815918, 0.3255162239074707, 0.5211894512176514, 0.48400425910949707, 0.5323262214660645, 0.48981428146362305, 0.4897310733795166, 0.4451470375061035]","[4, 4, 4, 4, 64, 64, 64, 64, 64, 64]"
digits,model_1layers_20neurons.h5,55,1.5212633609771729,42,"[0.3287379741668701, 0.30794239044189453, 0.3056051731109619, 0.35761189460754395, 0.44451022148132324, 0.44302964210510254, 0.46231794357299805, 0.45406508445739746, 0.4726247787475586, 0.4341576099395752]","[5, 11, 11, 20, 64, 64, 64, 64, 64, 64]"
digits,model_1layers_20neurons.h5,56,1.9003562927246087,40,"[0.2888753414154053, 0.32349491119384766, 0.3180513381958008, 0.36476588249206543, 0.4584033489227295, 0.48424482345581055, 0.4335334300994873, 0.4610595703125, 0.4354088306427002, 0.4432852268218994]","[4, 11, 11, 33, 64, 64, 64, 64, 64, 64]"
digits,model_1layers_20neurons.h5,57,1.1016671657562256,46,"[0.312361478805542, 0.28368687629699707, 0.28780293464660645, 0.32896947860717773, 0.440532922744751, 0.4477956295013428, 0.4733240604400635, 0.44847822189331055, 0.464724063873291, 0.43398618698120117]","[3, 4, 4, 4, 64, 64, 64, 64, 64, 64]"
digits,model_1layers_20neurons.h5,58,1.423464059829712,44,"[0.30634546279907227, 0.2845346927642822, 0.3012058734893799, 0.3103010654449463, 0.45086193084716797, 0.45751404762268066, 0.4767451286315918, 0.4396054744720459, 0.4587996006011963, 0.43966054916381836]","[2, 2, 2, 2, 64, 64, 64, 64, 64, 64]"
digits,model_1layers_20neurons.h5,59,1.508225679397583,45,"[0.3069920539855957, 0.29444074630737305, 0.3025972843170166, 0.3234233856201172, 0.4736785888671875, 0.47357749938964844, 0.4473869800567627, 0.4318196773529053, 0.4565854072570801, 0.42247891426086426]","[2, 2, 2, 4, 64, 64, 64, 64, 64, 64]"
digits,model_1layers_20neurons.h5,60,0.9131433963775636,46,"[0.4368550777435303, 0.31687068939208984, 0.3034212589263916, 0.30621767044067383, 0.5095183849334717, 0.46100926399230957, 0.4911651611328125, 0.44879937171936035, 0.44393181800842285, 0.4497220516204834]","[2, 3, 3, 3, 64, 64, 64, 64, 64, 64]"
digits,model_1layers_20neurons.h5,61,1.3581340312957764,44,"[0.28631114959716797, 0.2951209545135498, 0.2974276542663574, 0.34992289543151855, 0.4846765995025635, 0.43561673164367676, 0.46635937690734863, 0.4533364772796631, 0.6892256736755371, 0.42566561698913574]","[2, 2, 2, 19, 64, 64, 64, 64, 64, 64]"
digits,model_1layers_20neurons.h5,62,1.2240233421325684,45,"[0.2857222557067871, 0.313917875289917, 0.29288768768310547, 0.295459508895874, 0.4757838249206543, 0.4664950370788574, 0.4842691421508789, 0.4592556953430176, 0.4475123882293701, 0.469149112701416]","[2, 2, 2, 2, 64, 64, 64, 64, 64, 64]"
digits,model_1layers_20neurons.h5,63,1.2330503463745115,46,"[0.2786681652069092, 0.3148820400238037, 0.2889854907989502, 0.2694737911224365, 0.46274232864379883, 0.4876384735107422, 0.4487581253051758, 0.46688365936279297, 0.437802791595459, 0.4715602397918701]","[2, 2, 2, 2, 64, 64, 64, 64, 64, 64]"
digits,model_1layers_20neurons.h5,64,1.2789764404296875,40,"[0.2839219570159912, 0.2956357002258301, 0.32612109184265137, 0.322833776473999, 0.45671606063842773, 0.5009911060333252, 0.445711612701416, 0.47745180130004883, 0.45914626121520996, 0.46065783500671387]","[1, 2, 2, 11, 64, 64, 64, 64, 64, 64]"
digits,model_1layers_20neurons.h5,65,1.487765550613403,44,"[0.28812432289123535, 0.3217587471008301, 0.29320764541625977, 0.29784154891967773, 0.46615171432495117, 0.4911987781524658, 0.446699857711792, 0.47438883781433105, 0.46791815757751465, 0.4895293712615967]","[3, 3, 3, 3, 64, 64, 64, 64, 64, 64]"
digits,model_1layers_20neurons.h5,66,1.5763678550720217,39,"[0.28436827659606934, 0.36116480827331543, 0.309342622756958, 0.3345160484313965, 0.5106661319732666, 0.5390684604644775, 0.48621416091918945, 0.4482581615447998, 0.46413469314575195, 0.41800737380981445]","[1, 2, 2, 9, 64, 64, 64, 64, 64, 64]"
digits,model_1layers_20neurons.h5,67,1.015556812286377,45,"[0.29984474182128906, 0.32210350036621094, 0.2814638614654541, 0.26842308044433594, 0.48102402687072754, 0.48863720893859863, 0.4678993225097656, 0.4765048027038574, 0.45343875885009766, 0.5034141540527344]","[1, 2, 2, 3, 64, 64, 64, 64, 64, 64]"
digits,model_1layers_20neurons.h5,68,1.668510913848877,40,"[0.3354017734527588, 0.29718995094299316, 0.2925758361816406, 0.3055431842803955, 0.5075430870056152, 0.44857048988342285, 0.47133755683898926, 0.43751049041748047, 0.4465017318725586, 0.4296422004699707]","[3, 5, 5, 12, 64, 64, 64, 64, 64, 64]"
digits,model_1layers_20neurons.h5,69,0.9899094104766846,44,"[0.30297303199768066, 0.32059144973754883, 0.32122111320495605, 0.28217506408691406, 0.4572153091430664, 0.4755525588989258, 0.438793420791626, 0.45563602447509766, 0.43073272705078125, 0.4230976104736328]","[2, 2, 2, 2, 64, 64, 64, 64, 64, 64]"
digits,model_1layers_20neurons.h5,70,1.192164659500122,42,"[0.31136059761047363, 0.2953052520751953, 0.30185723304748535, 0.46294069290161133, 0.4659876823425293, 0.46915650367736816, 0.46938323974609375, 0.49211835861206055, 0.44344067573547363, 0.43431901931762695]","[1, 1, 2, 52, 64, 64, 64, 64, 64, 64]"
digits,model_1layers_20neurons.h5,71,1.4838213920593262,39,"[0.27985477447509766, 0.2682487964630127, 0.30660533905029297, 0.32169198989868164, 0.4593942165374756, 0.5011916160583496, 0.45421528816223145, 0.48123979568481445, 0.431016206741333, 0.41234350204467773]","[1, 2, 2, 17, 64, 64, 64, 64, 64, 64]"
digits,model_1layers_20neurons.h5,72,1.985241413116455,37,"[0.334125280380249, 0.30285143852233887, 0.29808497428894043, 0.3472714424133301, 0.486438512802124, 0.45037055015563965, 0.48272013664245605, 0.44159388542175293, 0.46837377548217773, 0.43731093406677246]","[3, 3, 3, 19, 64, 64, 64, 64, 64, 64]"
digits,model_1layers_20neurons.h5,73,1.302926778793335,44,"[0.2900853157043457, 0.3183741569519043, 0.48919057846069336, 0.29906344413757324, 0.49454569816589355, 0.4589805603027344, 0.4889824390411377, 0.45121216773986816, 0.47537899017333984, 0.42506933212280273]","[2, 2, 2, 2, 64, 64, 64, 64, 64, 64]"
digits,model_1layers_20neurons.h5,74,1.0742266178131104,46,"[0.2947356700897217, 0.32905149459838867, 0.29032087326049805, 0.3061954975128174, 0.4822225570678711, 0.45772218704223633, 0.45330119132995605, 0.4647977352142334, 0.4410676956176758, 0.4627063274383545]","[1, 2, 5, 5, 64, 64, 64, 64, 64, 64]"
digits,model_1layers_20neurons.h5,75,1.465183973312378,44,"[0.2829320430755615, 0.2995014190673828, 0.27295517921447754, 0.29707789421081543, 0.501537561416626, 0.4532737731933594, 0.46590352058410645, 0.4790213108062744, 0.44127464294433594, 0.44295597076416016]","[2, 2, 2, 2, 64, 64, 64, 64, 64, 64]"
digits,model_1layers_20neurons.h5,76,1.3172175884246826,41,"[0.292003870010376, 0.32502079010009766, 0.31783103942871094, 0.31925392150878906, 0.4631838798522949, 0.4563913345336914, 0.4608330726623535, 0.46954870223999023, 0.44174885749816895, 0.4512500762939453]","[2, 2, 5, 9, 64, 64, 64, 64, 64, 64]"
digits,model_1layers_20neurons.h5,77,1.542968988418579,39,"[0.30399107933044434, 0.30414605140686035, 0.29323482513427734, 0.29714298248291016, 0.4838082790374756, 0.4682133197784424, 0.4485175609588623, 0.46442461013793945, 0.47570180892944336, 0.5222651958465576]","[2, 2, 2, 2, 64, 64, 64, 64, 64, 64]"
digits,model_1layers_20neurons.h5,78,1.287135362625122,45,"[0.3221285343170166, 0.3149690628051758, 0.319258451461792, 0.32317638397216797, 0.6199965476989746, 0.8863396644592285, 0.6559154987335205, 0.5271732807159424, 0.48689842224121094, 0.4893302917480469]","[2, 2, 2, 2, 64, 64, 64, 64, 64, 64]"
digits,model_1layers_20neurons.h5,79,1.730027437210083,46,"[0.35352468490600586, 0.42278409004211426, 0.35650086402893066, 0.38327527046203613, 0.5962591171264648, 0.5359296798706055, 0.5576438903808594, 0.6552932262420654, 0.7376949787139893, 0.5252890586853027]","[1, 1, 3, 9, 64, 64, 64, 64, 64, 64]"
digits,model_1layers_20neurons.h5,80,1.3624858856201172,47,"[0.3235194683074951, 0.4215378761291504, 0.4085419178009033, 0.37877440452575684, 0.5632660388946533, 0.502699613571167, 0.5032892227172852, 0.47780346870422363, 0.482715368270874, 0.43320178985595703]","[2, 2, 11, 18, 64, 64, 64, 64, 64, 64]"
digits,model_1layers_20neurons.h5,81,1.2993156909942627,42,"[0.3746328353881836, 0.35397815704345703, 0.3337545394897461, 0.3389410972595215, 0.4667196273803711, 0.4750251770019531, 0.4790644645690918, 0.4663841724395752, 0.47946834564208984, 0.46063947677612305]","[2, 2, 2, 2, 64, 64, 64, 64, 64, 64]"
digits,model_1layers_20neurons.h5,82,1.8311803340911863,41,"[0.30622100830078125, 0.3208024501800537, 0.3111996650695801, 0.3055129051208496, 0.5989680290222168, 0.8183369636535645, 0.48925256729125977, 0.4601316452026367, 0.4572634696960449, 0.4780902862548828]","[2, 2, 2, 2, 64, 64, 64, 64, 64, 64]"
digits,model_1layers_20neurons.h5,83,1.7321619987487793,44,"[0.321913480758667, 0.3042333126068115, 0.34438228607177734, 0.3297464847564697, 0.490405797958374, 0.5077488422393799, 0.469102144241333, 0.47620534896850586, 0.4730520248413086, 0.44550228118896484]","[2, 2, 2, 2, 64, 64, 64, 64, 64, 64]"
digits,model_1layers_20neurons.h5,84,0.969862461090088,49,"[0.3319270610809326, 0.29091811180114746, 0.3402290344238281, 0.361344575881958, 0.4995272159576416, 0.47043514251708984, 0.48113489151000977, 0.4640927314758301, 0.47844529151916504, 0.44417381286621094]","[2, 2, 13, 18, 64, 64, 64, 64, 64, 64]"
digits,model_1layers_20neurons.h5,85,1.0222110748291016,47,"[0.2985260486602783, 0.5460591316223145, 0.34124302864074707, 0.34507250785827637, 0.5106992721557617, 0.4868588447570801, 0.5091433525085449, 0.46090173721313477, 0.5114398002624512, 0.4582834243774414]","[3, 12, 12, 12, 64, 64, 64, 64, 64, 64]"
digits,model_1layers_20neurons.h5,86,1.9023633003234863,41,"[0.30135178565979004, 0.3194417953491211, 0.3047816753387451, 0.3708953857421875, 0.4952528476715088, 0.48493146896362305, 0.48767995834350586, 0.4908466339111328, 0.480501651763916, 0.47361063957214355]","[4, 4, 5, 18, 64, 64, 64, 64, 64, 64]"
digits,model_1layers_20neurons.h5,87,1.3724288940429688,44,"[0.3184189796447754, 0.3380699157714844, 0.2971770763397217, 0.32866644859313965, 0.51261305809021, 0.4591207504272461, 0.47237205505371094, 0.49210071563720703, 0.449779748916626, 0.46819639205932617]","[4, 5, 5, 5, 64, 64, 64, 64, 64, 64]"
digits,model_1layers_20neurons.h5,88,1.4419801235198977,44,"[0.3391256332397461, 0.33223962783813477, 0.34219884872436523, 0.34435462951660156, 0.4936494827270508, 0.47601771354675293, 0.49934935569763184, 0.4735238552093506, 0.5187666416168213, 0.4772319793701172]","[3, 10, 12, 12, 64, 64, 64, 64, 64, 64]"
digits,model_1layers_20neurons.h5,89,2.3393728733062744,41,"[0.4208698272705078, 0.3443603515625, 0.29915475845336914, 0.34964752197265625, 0.4927089214324951, 0.4957313537597656, 0.46107053756713867, 0.4667835235595703, 0.46998095512390137, 0.4321596622467041]","[3, 5, 5, 5, 64, 64, 64, 64, 64, 64]"
digits,model_1layers_20neurons.h5,90,1.6200861930847168,44,"[0.2960541248321533, 0.2832925319671631, 0.3440682888031006, 0.3001730442047119, 0.4814636707305908, 0.5058321952819824, 0.46073007583618164, 0.47745347023010254, 0.4355616569519043, 0.452146053314209]","[3, 3, 3, 3, 64, 64, 64, 64, 64, 64]"
digits,model_1layers_20neurons.h5,91,1.523230791091919,42,"[0.27776622772216797, 0.3193056583404541, 0.3187110424041748, 0.33034706115722656, 0.44684839248657227, 0.4773719310760498, 0.44780802726745605, 0.49408984184265137, 0.4692342281341553, 0.45712780952453613]","[2, 4, 4, 13, 64, 64, 64, 64, 64, 64]"
digits,model_1layers_20neurons.h5,92,1.2725234031677246,45,"[0.3056464195251465, 0.3069918155670166, 0.33208799362182617, 0.32346272468566895, 0.47422051429748535, 0.49396824836730957, 0.47457027435302734, 0.4833109378814697, 0.44799375534057617, 0.46219706535339355]","[2, 2, 2, 13, 64, 64, 64, 64, 64, 64]"
digits,model_1layers_20neurons.h5,93,2.111157894134521,37,"[0.3180887699127197, 0.3137366771697998, 0.3084244728088379, 0.33850812911987305, 0.47159790992736816, 0.4615135192871094, 0.4702467918395996, 0.48055529594421387, 0.4605700969696045, 0.43401265144348145]","[3, 5, 5, 5, 64, 64, 64, 64, 64, 64]"
digits,model_1layers_20neurons.h5,94,1.1398861408233645,46,"[0.32197117805480957, 0.28650784492492676, 0.28333091735839844, 0.31408190727233887, 0.48308324813842773, 0.4585840702056885, 0.47426795959472656, 0.4529843330383301, 0.454357385635376, 0.45729994773864746]","[3, 3, 3, 3, 64, 64, 64, 64, 64, 64]"
digits,model_1layers_20neurons.h5,95,0.9913380146026612,47,"[0.2972147464752197, 0.28441596031188965, 0.29069066047668457, 0.28487157821655273, 0.4636540412902832, 0.4891526699066162, 0.4582676887512207, 0.46375346183776855, 0.4493117332458496, 0.44117212295532227]","[1, 1, 1, 9, 64, 64, 64, 64, 64, 64]"
digits,model_1layers_20neurons.h5,96,2.176663637161255,41,"[0.320756196975708, 0.3122899532318115, 0.3056981563568115, 0.3133711814880371, 0.4711730480194092, 0.4655270576477051, 0.4595022201538086, 0.44551992416381836, 0.4786379337310791, 0.4457437992095947]","[3, 3, 3, 3, 64, 64, 64, 64, 64, 64]"
digits,model_1layers_20neurons.h5,97,1.2611775398254397,44,"[0.3338773250579834, 0.5068459510803223, 0.308516263961792, 0.3735365867614746, 0.4900851249694824, 0.4985346794128418, 0.4714932441711426, 0.4974970817565918, 0.45638060569763184, 0.454038143157959]","[2, 5, 5, 18, 64, 64, 64, 64, 64, 64]"
digits,model_1layers_20neurons.h5,98,1.4601259231567385,45,"[0.270155668258667, 0.2751882076263428, 0.3013465404510498, 0.29725027084350586, 0.47402071952819824, 0.4975898265838623, 0.46103811264038086, 0.476656436920166, 0.45429491996765137, 0.4331235885620117]","[3, 3, 3, 3, 64, 64, 64, 64, 64, 64]"
digits,model_1layers_20neurons.h5,99,0.8614130020141602,51,"[0.322955846786499, 0.3252103328704834, 0.3433098793029785, 0.3335537910461426, 0.4839205741882324, 0.4560680389404297, 0.46652889251708984, 0.45051145553588867, 0.468686580657959, 0.5425882339477539]","[4, 10, 17, 17, 64, 64, 64, 64, 64, 64]"
digits,model_2layers_20neurons.h5,0,2.83221173286438,46,"[0.338778018951416, 0.331479549407959, 0.34903693199157715, 0.369523286819458, 0.5646755695343018, 0.6163876056671143, 0.8526806831359863, 0.6054959297180176, 0.6196410655975342, 0.6017026901245117]","[2, 2, 2, 2, 64, 64, 64, 64, 64, 64]"
digits,model_2layers_20neurons.h5,1,6.208519697189331,43,"[0.3262362480163574, 0.28233861923217773, 0.35065579414367676, 0.3699018955230713, 0.5856142044067383, 0.6146748065948486, 0.5348331928253174, 0.5812904834747314, 0.7654640674591064, 0.5570781230926514]","[2, 2, 9, 11, 64, 64, 64, 64, 64, 64]"
digits,model_2layers_20neurons.h5,2,4.700123310089111,45,"[0.3758368492126465, 0.33774781227111816, 0.3653075695037842, 0.34362030029296875, 0.5509240627288818, 0.5469014644622803, 0.53336501121521, 0.5743401050567627, 0.5366449356079102, 0.46419382095336914]","[3, 5, 5, 5, 64, 64, 64, 64, 64, 64]"
digits,model_2layers_20neurons.h5,3,4.787047624588013,45,"[0.42965245246887207, 0.32326626777648926, 0.3285543918609619, 0.30412888526916504, 0.5821371078491211, 0.5735201835632324, 0.6873741149902344, 0.5838730335235596, 0.6960618495941162, 0.4895193576812744]","[1, 2, 2, 2, 64, 64, 64, 64, 64, 64]"
digits,model_2layers_20neurons.h5,4,4.132069826126099,45,"[0.3252251148223877, 0.33710670471191406, 0.36817407608032227, 0.338573694229126, 0.5447208881378174, 0.5530722141265869, 0.5131380558013916, 0.5141105651855469, 0.4723060131072998, 0.4969620704650879]","[3, 4, 4, 4, 64, 64, 64, 64, 64, 64]"
digits,model_2layers_20neurons.h5,5,4.272266387939453,43,"[0.3322160243988037, 0.2851684093475342, 0.3071579933166504, 0.33301806449890137, 0.5287919044494629, 0.5943803787231445, 0.5168464183807373, 0.7552704811096191, 0.5040972232818604, 0.6688582897186279]","[2, 2, 2, 2, 64, 64, 64, 64, 64, 64]"
digits,model_2layers_20neurons.h5,6,5.990727424621582,41,"[0.35923147201538086, 0.3611268997192383, 0.3973708152770996, 0.3726155757904053, 0.805117130279541, 0.5476808547973633, 0.591139554977417, 0.5660810470581055, 0.5312128067016602, 0.4760737419128418]","[2, 4, 4, 10, 64, 64, 64, 64, 64, 64]"
digits,model_2layers_20neurons.h5,7,4.492702007293701,40,"[0.37796545028686523, 0.3149397373199463, 0.32964634895324707, 0.36591196060180664, 0.5714044570922852, 0.5658724308013916, 0.5270318984985352, 0.5497055053710938, 0.5147831439971924, 0.4970393180847168]","[3, 3, 3, 10, 64, 64, 64, 64, 64, 64]"
digits,model_2layers_20neurons.h5,8,5.715444326400757,44,"[0.34223055839538574, 0.3130953311920166, 0.32553744316101074, 0.30970144271850586, 0.5563559532165527, 0.5096032619476318, 0.5320174694061279, 0.4996027946472168, 0.5133411884307861, 0.4690439701080322]","[2, 2, 2, 2, 64, 64, 64, 64, 64, 64]"
digits,model_2layers_20neurons.h5,9,2.2439074516296387,51,"[0.34583187103271484, 0.3335726261138916, 0.35098862648010254, 0.3745882511138916, 0.5071449279785156, 0.5196411609649658, 0.516118049621582, 0.4954948425292969, 0.5380079746246338, 0.47450900077819824]","[2, 10, 10, 10, 64, 64, 64, 64, 64, 64]"
digits,model_2layers_20neurons.h5,10,5.641669750213623,44,"[0.35126399993896484, 0.3126201629638672, 0.3395974636077881, 0.33403539657592773, 0.50057053565979, 0.5121016502380371, 0.5047383308410645, 0.5119824409484863, 0.49622607231140137, 0.47501349449157715]","[1, 2, 2, 9, 64, 64, 64, 64, 64, 64]"
digits,model_2layers_20neurons.h5,11,4.877151012420654,44,"[0.3151576519012451, 0.3090708255767822, 0.3302900791168213, 0.4017505645751953, 0.5259015560150146, 0.546349287033081, 0.5064272880554199, 0.5176353454589844, 0.4871509075164795, 0.506986141204834]","[2, 2, 3, 29, 64, 64, 64, 64, 64, 64]"
digits,model_2layers_20neurons.h5,12,3.672181844711304,46,"[0.34740209579467773, 0.35816073417663574, 0.3287637233734131, 0.40420007705688477, 0.5879788398742676, 0.5483620166778564, 0.5680654048919678, 0.5120327472686768, 0.522040605545044, 0.48270487785339355]","[5, 5, 5, 25, 64, 64, 64, 64, 64, 64]"
digits,model_2layers_20neurons.h5,13,3.873591899871826,46,"[0.3518800735473633, 0.37391042709350586, 0.39568662643432617, 0.3168907165527344, 0.5658628940582275, 0.5610611438751221, 0.5296425819396973, 0.5253944396972656, 0.5072731971740723, 0.5099344253540039]","[4, 4, 4, 4, 64, 64, 64, 64, 64, 64]"
digits,model_2layers_20neurons.h5,14,4.362848281860352,45,"[0.32723116874694824, 0.32581424713134766, 0.3129563331604004, 0.3256652355194092, 0.5599586963653564, 0.5252504348754883, 0.574995756149292, 0.49905848503112793, 0.5087170600891113, 0.4684884548187256]","[2, 2, 2, 2, 64, 64, 64, 64, 64, 64]"
digits,model_2layers_20neurons.h5,15,5.667838096618652,43,"[0.3051121234893799, 0.28150224685668945, 0.32813072204589844, 0.32917189598083496, 0.7038073539733887, 0.5582375526428223, 0.5323607921600342, 0.5510621070861816, 0.5121793746948242, 0.5073881149291992]","[1, 1, 2, 9, 64, 64, 64, 64, 64, 64]"
digits,model_2layers_20neurons.h5,16,3.0277998447418213,46,"[0.3253941535949707, 0.32207751274108887, 0.3168621063232422, 0.3952147960662842, 0.5132248401641846, 0.5493505001068115, 0.5021259784698486, 0.5335352420806885, 0.49823760986328125, 0.5121743679046631]","[2, 2, 2, 19, 64, 64, 64, 64, 64, 64]"
digits,model_2layers_20neurons.h5,17,5.3439531326293945,43,"[0.33261775970458984, 0.32810044288635254, 0.31521105766296387, 0.3752448558807373, 0.5660831928253174, 0.5615940093994141, 0.5398557186126709, 0.5409917831420898, 0.5169229507446289, 0.4736511707305908]","[2, 2, 2, 18, 64, 64, 64, 64, 64, 64]"
digits,model_2layers_20neurons.h5,18,4.603199005126953,43,"[0.3274805545806885, 0.3201587200164795, 0.32294511795043945, 0.5487337112426758, 0.5261845588684082, 0.5550665855407715, 0.5191726684570312, 0.532961368560791, 0.47537827491760254, 0.498765230178833]","[1, 2, 2, 64, 64, 64, 64, 64, 64, 64]"
digits,model_2layers_20neurons.h5,19,3.6788973808288574,43,"[0.3154642581939697, 0.35702991485595703, 0.31809568405151367, 0.3054332733154297, 0.5431990623474121, 0.501826286315918, 0.5285153388977051, 0.4987521171569824, 0.5123343467712402, 0.4778881072998047]","[2, 5, 10, 10, 64, 64, 64, 64, 64, 64]"
digits,model_2layers_20neurons.h5,20,4.147385835647583,46,"[0.32544636726379395, 0.3230016231536865, 0.3448474407196045, 0.29677414894104004, 0.5353620052337646, 0.5665936470031738, 0.5226836204528809, 0.6141757965087891, 0.8479053974151611, 0.5416262149810791]","[2, 4, 4, 4, 64, 64, 64, 64, 64, 64]"
digits,model_2layers_20neurons.h5,21,4.560883522033691,45,"[0.3843874931335449, 0.30768561363220215, 0.29349732398986816, 0.3451688289642334, 0.5167675018310547, 0.518547534942627, 0.5092430114746094, 0.5024673938751221, 0.49809813499450684, 0.471454381942749]","[1, 2, 2, 2, 64, 64, 64, 64, 64, 64]"
digits,model_2layers_20neurons.h5,22,5.487344741821289,40,"[0.3602120876312256, 0.32747936248779297, 0.3043332099914551, 0.3172607421875, 0.5442855358123779, 0.54091477394104, 0.5301384925842285, 0.5347628593444824, 0.5169980525970459, 0.503075361251831]","[3, 3, 3, 3, 64, 64, 64, 64, 64, 64]"
digits,model_2layers_20neurons.h5,23,2.87585997581482,46,"[0.3262801170349121, 0.2941431999206543, 0.32491135597229004, 0.3446474075317383, 0.5458981990814209, 0.5351760387420654, 0.5106055736541748, 0.5243778228759766, 0.4911806583404541, 0.481306791305542]","[2, 2, 2, 2, 64, 64, 64, 64, 64, 64]"
digits,model_2layers_20neurons.h5,24,2.1900722980499268,48,"[0.30619215965270996, 0.2990872859954834, 0.3229258060455322, 0.3929879665374756, 0.7098414897918701, 0.5239417552947998, 0.5152790546417236, 0.5429973602294922, 0.5063016414642334, 0.504133939743042]","[2, 2, 2, 17, 64, 64, 64, 64, 64, 64]"
digits,model_2layers_20neurons.h5,25,3.1486401557922363,48,"[0.31087231636047363, 0.3204174041748047, 0.3719053268432617, 0.3137965202331543, 0.5528461933135986, 0.5600981712341309, 0.5309329032897949, 0.5471596717834473, 0.5074572563171387, 0.512566328048706]","[1, 2, 6, 6, 64, 64, 64, 64, 64, 64]"
digits,model_2layers_20neurons.h5,26,4.457807779312134,44,"[0.3339369297027588, 0.3277750015258789, 0.34552931785583496, 0.39522242546081543, 0.5398719310760498, 0.5371925830841064, 0.5275897979736328, 0.5254783630371094, 0.49602532386779785, 0.5054585933685303]","[3, 3, 4, 25, 64, 64, 64, 64, 64, 64]"
digits,model_2layers_20neurons.h5,27,4.438917398452759,45,"[0.31667017936706543, 0.34634971618652344, 0.3264126777648926, 0.42416954040527344, 0.6481180191040039, 0.902538537979126, 0.6228444576263428, 0.5633649826049805, 0.5542840957641602, 0.5278875827789307]","[2, 2, 5, 27, 64, 64, 64, 64, 64, 64]"
digits,model_2layers_20neurons.h5,28,3.291812896728516,50,"[0.47287797927856445, 0.4362659454345703, 0.43810081481933594, 0.37681007385253906, 0.6211397647857666, 0.6097316741943359, 0.5972869396209717, 0.5964438915252686, 0.6120712757110596, 0.5538449287414551]","[3, 3, 3, 3, 64, 64, 64, 64, 64, 64]"
digits,model_2layers_20neurons.h5,29,4.0274577140808105,44,"[0.33539724349975586, 0.3520331382751465, 0.535214900970459, 0.3326761722564697, 0.7913486957550049, 0.5851702690124512, 0.605238676071167, 0.5670585632324219, 0.5789132118225098, 0.5039205551147461]","[2, 2, 2, 2, 64, 64, 64, 64, 64, 64]"
digits,model_2layers_20neurons.h5,30,10.67559576034546,40,"[0.3247640132904053, 0.31172871589660645, 0.3813319206237793, 0.40998172760009766, 0.5806303024291992, 0.5711977481842041, 0.5965635776519775, 0.5401041507720947, 0.5497467517852783, 0.5177881717681885]","[1, 1, 10, 21, 64, 64, 64, 64, 64, 64]"
digits,model_2layers_20neurons.h5,31,4.056429386138916,45,"[0.39406704902648926, 0.3413126468658447, 0.414093017578125, 0.43932294845581055, 0.5845954418182373, 0.5755293369293213, 0.579331636428833, 0.5725302696228027, 0.5548112392425537, 0.5307886600494385]","[3, 4, 4, 4, 64, 64, 64, 64, 64, 64]"
digits,model_2layers_20neurons.h5,32,3.331018209457397,46,"[0.3334324359893799, 0.35805344581604004, 0.3545570373535156, 0.36075329780578613, 0.581193208694458, 0.5469591617584229, 0.583789587020874, 0.5311901569366455, 0.5456914901733398, 0.5166497230529785]","[2, 2, 5, 5, 64, 64, 64, 64, 64, 64]"
digits,model_2layers_20neurons.h5,33,5.252561807632446,44,"[0.35671401023864746, 0.31027698516845703, 0.3480052947998047, 0.3248319625854492, 0.8060951232910156, 0.5718879699707031, 0.5806698799133301, 0.5546646118164062, 0.5648932456970215, 0.5113868713378906]","[2, 2, 4, 5, 64, 64, 64, 64, 64, 64]"
digits,model_2layers_20neurons.h5,34,5.650537967681885,43,"[0.34490060806274414, 0.36534857749938965, 0.322141170501709, 0.35471057891845703, 0.6152870655059814, 0.554884672164917, 0.63315749168396, 0.6028904914855957, 0.5893259048461914, 0.5152204036712646]","[2, 4, 4, 4, 64, 64, 64, 64, 64, 64]"
digits,model_2layers_20neurons.h5,35,7.094396352767944,40,"[0.3977222442626953, 0.35791635513305664, 0.3492300510406494, 0.46135520935058594, 0.5715928077697754, 0.5743823051452637, 0.7026925086975098, 0.5708060264587402, 0.544325590133667, 0.5425188541412354]","[3, 3, 3, 27, 64, 64, 64, 64, 64, 64]"
digits,model_2layers_20neurons.h5,36,6.187860488891602,41,"[0.3479905128479004, 0.4258441925048828, 0.4120774269104004, 0.4775681495666504, 0.6115396022796631, 0.6072204113006592, 0.5954461097717285, 0.5757532119750977, 0.5429525375366211, 0.5375661849975586]","[2, 17, 17, 33, 64, 64, 64, 64, 64, 64]"
digits,model_2layers_20neurons.h5,37,3.5494513511657715,46,"[0.34215545654296875, 0.4006071090698242, 0.39879751205444336, 0.46697998046875, 0.5879685878753662, 0.5409927368164062, 0.5631084442138672, 0.5478856563568115, 0.5799827575683594, 0.5101244449615479]","[4, 17, 17, 35, 64, 64, 64, 64, 64, 64]"
digits,model_2layers_20neurons.h5,38,1.7794697284698486,54,"[0.32414817810058594, 0.3487823009490967, 0.37242984771728516, 0.3362698554992676, 0.6015732288360596, 0.5467660427093506, 0.5666234493255615, 0.5527606010437012, 0.5784807205200195, 0.5204267501831055]","[1, 1, 1, 1, 64, 64, 64, 64, 64, 64]"
digits,model_2layers_20neurons.h5,39,7.919624805450439,40,"[0.4052102565765381, 0.38161396980285645, 0.37006187438964844, 0.4040408134460449, 0.6025609970092773, 0.5660624504089355, 0.5876913070678711, 0.5782482624053955, 0.5811624526977539, 0.5152149200439453]","[2, 2, 11, 20, 64, 64, 64, 64, 64, 64]"
digits,model_2layers_20neurons.h5,40,6.016830205917358,40,"[0.35791850090026855, 0.3437061309814453, 0.3952043056488037, 0.37263917922973633, 0.6193516254425049, 0.619246244430542, 0.5911948680877686, 0.5664854049682617, 0.5525832176208496, 0.5249707698822021]","[2, 4, 10, 10, 64, 64, 64, 64, 64, 64]"
digits,model_2layers_20neurons.h5,41,4.436375379562378,44,"[0.36573076248168945, 0.4524204730987549, 0.37656116485595703, 0.3454909324645996, 0.6187162399291992, 0.5805842876434326, 0.594963788986206, 0.5520038604736328, 0.5401973724365234, 0.5176196098327637]","[1, 2, 2, 2, 64, 64, 64, 64, 64, 64]"
digits,model_2layers_20neurons.h5,42,6.228653192520142,39,"[0.3542652130126953, 0.36363959312438965, 0.35101795196533203, 0.40544581413269043, 0.8545148372650146, 0.6127948760986328, 0.635690450668335, 0.582242488861084, 0.6463339328765869, 0.5330424308776855]","[5, 5, 5, 18, 64, 64, 64, 64, 64, 64]"
digits,model_2layers_20neurons.h5,43,5.276121616363525,45,"[0.3322465419769287, 0.34950971603393555, 0.33672571182250977, 0.3332393169403076, 0.6144700050354004, 0.5740616321563721, 0.5679407119750977, 0.5570235252380371, 0.5721352100372314, 0.5198378562927246]","[2, 2, 2, 2, 64, 64, 64, 64, 64, 64]"
digits,model_2layers_20neurons.h5,44,4.530293226242065,43,"[0.369401216506958, 0.3580939769744873, 0.31741881370544434, 0.4116032123565674, 0.5868189334869385, 0.5849347114562988, 0.5711255073547363, 0.5563359260559082, 0.5632972717285156, 0.5164029598236084]","[3, 3, 3, 21, 64, 64, 64, 64, 64, 64]"
digits,model_2layers_20neurons.h5,45,3.1839616298675537,49,"[0.3473398685455322, 0.35104870796203613, 0.35072922706604004, 0.3480556011199951, 0.5829133987426758, 0.5631852149963379, 0.5518922805786133, 0.5478358268737793, 0.5327310562133789, 0.4861443042755127]","[3, 3, 3, 3, 64, 64, 64, 64, 64, 64]"
digits,model_2layers_20neurons.h5,46,8.567290544509888,44,"[0.3235652446746826, 0.3461494445800781, 0.3410818576812744, 0.36147093772888184, 0.5746586322784424, 0.5491583347320557, 0.5699396133422852, 0.5353527069091797, 0.5644557476043701, 0.5121850967407227]","[1, 2, 2, 9, 64, 64, 64, 64, 64, 64]"
digits,model_2layers_20neurons.h5,47,2.837219715118408,50,"[0.3508880138397217, 0.3465728759765625, 0.3498189449310303, 0.4401535987854004, 0.6296260356903076, 0.5871870517730713, 0.6059155464172363, 0.5657474994659424, 0.5646021366119385, 0.5594985485076904]","[2, 2, 2, 27, 64, 64, 64, 64, 64, 64]"
digits,model_2layers_20neurons.h5,48,3.2757153511047363,47,"[0.3613104820251465, 0.3491237163543701, 0.34656548500061035, 0.4543893337249756, 0.5677797794342041, 0.5783677101135254, 0.5408282279968262, 0.5637204647064209, 0.5234270095825195, 0.5378775596618652]","[4, 4, 4, 25, 64, 64, 64, 64, 64, 64]"
digits,model_2layers_20neurons.h5,49,3.528254508972168,46,"[0.3502480983734131, 0.3574233055114746, 0.32830190658569336, 0.34311389923095703, 0.6094470024108887, 0.5618517398834229, 0.598175048828125, 0.5665817260742188, 0.5711750984191895, 0.49643921852111816]","[3, 3, 3, 3, 64, 64, 64, 64, 64, 64]"
digits,model_2layers_20neurons.h5,50,7.244753837585449,40,"[0.3914914131164551, 0.3449089527130127, 0.3522071838378906, 0.35552167892456055, 0.6044936180114746, 0.5790045261383057, 0.5971405506134033, 0.5621147155761719, 0.573925256729126, 0.5224454402923584]","[2, 4, 4, 4, 64, 64, 64, 64, 64, 64]"
digits,model_2layers_20neurons.h5,51,5.129724025726318,45,"[0.35355710983276367, 0.33771705627441406, 0.34536170959472656, 0.3572096824645996, 0.8987557888031006, 0.6015205383300781, 0.5992052555084229, 0.5645782947540283, 0.7290365695953369, 0.6093199253082275]","[2, 2, 5, 5, 64, 64, 64, 64, 64, 64]"
digits,model_2layers_20neurons.h5,52,5.702051877975464,43,"[0.5035817623138428, 0.40210604667663574, 0.3500645160675049, 0.361283540725708, 0.6269104480743408, 0.6059932708740234, 0.5906362533569336, 0.6035211086273193, 0.5536081790924072, 0.5326035022735596]","[3, 3, 3, 3, 64, 64, 64, 64, 64, 64]"
digits,model_2layers_20neurons.h5,53,8.902562141418457,41,"[0.3443419933319092, 0.35465002059936523, 0.34836649894714355, 0.3782205581665039, 0.6165051460266113, 0.5862982273101807, 0.7059547901153564, 0.6977720260620117, 0.6185753345489502, 0.527428388595581]","[3, 3, 3, 12, 64, 64, 64, 64, 64, 64]"
digits,model_2layers_20neurons.h5,54,6.312767267227173,44,"[0.3445887565612793, 0.34688639640808105, 0.34873485565185547, 0.35065388679504395, 0.6233875751495361, 0.5938408374786377, 0.5997457504272461, 0.5666184425354004, 0.5644857883453369, 0.5208818912506104]","[4, 4, 4, 4, 64, 64, 64, 64, 64, 64]"
digits,model_2layers_20neurons.h5,55,7.93814492225647,37,"[0.3562777042388916, 0.4046175479888916, 0.37651896476745605, 0.41368794441223145, 0.6233086585998535, 0.5779685974121094, 0.6024317741394043, 0.5749118328094482, 0.5574710369110107, 0.5065097808837891]","[5, 11, 11, 20, 64, 64, 64, 64, 64, 64]"
digits,model_2layers_20neurons.h5,56,5.308768272399902,42,"[0.3442215919494629, 0.37988924980163574, 0.3687894344329834, 0.4594862461090088, 0.617659330368042, 0.759636402130127, 0.5772578716278076, 0.5993297100067139, 0.5394895076751709, 0.5490756034851074]","[4, 11, 11, 33, 64, 64, 64, 64, 64, 64]"
digits,model_2layers_20neurons.h5,57,3.285370111465454,47,"[0.43872904777526855, 0.3358182907104492, 0.36882948875427246, 0.34430623054504395, 0.5687854290008545, 0.5997447967529297, 0.5708529949188232, 0.5688130855560303, 0.5554749965667725, 0.5216901302337646]","[3, 4, 4, 4, 64, 64, 64, 64, 64, 64]"
digits,model_2layers_20neurons.h5,58,4.406481027603149,46,"[0.34922361373901367, 0.35741329193115234, 0.3390049934387207, 0.3126645088195801, 0.5887901782989502, 0.5581851005554199, 0.5904498100280762, 0.565159797668457, 0.5392932891845703, 0.5195858478546143]","[2, 2, 2, 2, 64, 64, 64, 64, 64, 64]"
digits,model_2layers_20neurons.h5,59,3.9487152099609375,44,"[0.35630297660827637, 0.3495478630065918, 0.36941957473754883, 0.5686895847320557, 0.6204030513763428, 0.5993008613586426, 0.6012732982635498, 0.5733661651611328, 0.5718874931335449, 0.504014253616333]","[2, 2, 2, 4, 64, 64, 64, 64, 64, 64]"
digits,model_2layers_20neurons.h5,60,3.4005699157714844,48,"[0.4093444347381592, 0.367297887802124, 0.3486971855163574, 0.4004676342010498, 0.5995497703552246, 0.6257691383361816, 0.5674107074737549, 0.6413784027099609, 0.5291903018951416, 0.6272962093353271]","[2, 3, 3, 3, 64, 64, 64, 64, 64, 64]"
digits,model_2layers_20neurons.h5,61,5.834158182144165,45,"[0.38109517097473145, 0.3662595748901367, 0.3311731815338135, 0.40643811225891113, 0.5714850425720215, 0.5476868152618408, 0.5751385688781738, 0.531419038772583, 0.5464234352111816, 0.507554292678833]","[2, 2, 2, 19, 64, 64, 64, 64, 64, 64]"
digits,model_2layers_20neurons.h5,62,3.0172483921051025,48,"[0.35564208030700684, 0.33972668647766113, 0.3302180767059326, 0.310283899307251, 0.6114842891693115, 0.575108528137207, 0.579615592956543, 0.5686638355255127, 0.5657088756561279, 0.5277891159057617]","[2, 2, 2, 2, 64, 64, 64, 64, 64, 64]"
digits,model_2layers_20neurons.h5,63,5.118167161941528,46,"[0.3580441474914551, 0.34778428077697754, 0.36177706718444824, 0.346754789352417, 0.6122035980224609, 0.5657310485839844, 0.5706584453582764, 0.5439634323120117, 0.5605974197387695, 0.5284569263458252]","[2, 2, 2, 2, 64, 64, 64, 64, 64, 64]"
digits,model_2layers_20neurons.h5,64,3.331005573272705,46,"[0.371262788772583, 0.33757710456848145, 0.3381044864654541, 0.37987685203552246, 0.591087818145752, 0.5848758220672607, 0.5791265964508057, 0.5683090686798096, 0.5826623439788818, 0.5077240467071533]","[1, 2, 2, 11, 64, 64, 64, 64, 64, 64]"
digits,model_2layers_20neurons.h5,65,6.27281379699707,43,"[0.3364677429199219, 0.34110355377197266, 0.34468507766723633, 0.3538506031036377, 0.6011669635772705, 0.570866584777832, 0.5818712711334229, 0.5661613941192627, 0.5587794780731201, 0.523310661315918]","[3, 3, 3, 3, 64, 64, 64, 64, 64, 64]"
digits,model_2layers_20neurons.h5,66,5.697745323181152,45,"[0.36216044425964355, 0.3431069850921631, 0.34781575202941895, 0.37620067596435547, 0.5718193054199219, 0.5981037616729736, 0.5378613471984863, 0.6844255924224854, 0.5362372398376465, 0.5255093574523926]","[1, 2, 2, 9, 64, 64, 64, 64, 64, 64]"
digits,model_2layers_20neurons.h5,67,2.7108500003814697,48,"[0.3788888454437256, 0.3588063716888428, 0.35452818870544434, 0.34305763244628906, 0.63210129737854, 0.5813794136047363, 0.7004015445709229, 0.6357462406158447, 0.5405373573303223, 0.5408995151519775]","[1, 2, 2, 3, 64, 64, 64, 64, 64, 64]"
digits,model_2layers_20neurons.h5,68,3.7341794967651367,46,"[0.35584115982055664, 0.3676576614379883, 0.35024333000183105, 0.5932614803314209, 0.5987393856048584, 0.5716209411621094, 0.5951006412506104, 0.541985273361206, 0.5794923305511475, 0.5104649066925049]","[3, 5, 5, 12, 64, 64, 64, 64, 64, 64]"
digits,model_2layers_20neurons.h5,69,1.9392905235290527,51,"[0.34218859672546387, 0.3285071849822998, 0.3431074619293213, 0.34670042991638184, 0.6036388874053955, 0.5659306049346924, 0.5501682758331299, 0.5734703540802002, 0.5432753562927246, 0.540989875793457]","[2, 2, 2, 2, 64, 64, 64, 64, 64, 64]"
digits,model_2layers_20neurons.h5,70,4.904150724411011,44,"[0.35427260398864746, 0.3429090976715088, 0.3634607791900635, 0.547722339630127, 0.658158540725708, 0.725287914276123, 1.2669081687927246, 0.663663387298584, 0.5601794719696045, 0.5474824905395508]","[1, 1, 2, 52, 64, 64, 64, 64, 64, 64]"
digits,model_2layers_20neurons.h5,71,7.592230796813965,43,"[0.43047666549682617, 0.35476016998291016, 0.3392322063446045, 0.38495302200317383, 0.5918323993682861, 0.5497891902923584, 0.57572340965271, 0.5428104400634766, 0.5346410274505615, 0.4899444580078125]","[1, 2, 2, 17, 64, 64, 64, 64, 64, 64]"
digits,model_2layers_20neurons.h5,72,5.519701242446899,39,"[0.40206432342529297, 0.3547782897949219, 0.6929030418395996, 0.42569470405578613, 0.7071635723114014, 0.603919506072998, 0.6014876365661621, 0.5618376731872559, 0.5899214744567871, 0.5783429145812988]","[3, 3, 3, 19, 64, 64, 64, 64, 64, 64]"
digits,model_2layers_20neurons.h5,73,4.471736192703247,46,"[0.36800527572631836, 0.3402066230773926, 0.3283226490020752, 0.33371591567993164, 0.6320557594299316, 0.5903191566467285, 0.5718173980712891, 0.5997869968414307, 0.5313973426818848, 0.5315871238708496]","[2, 2, 2, 2, 64, 64, 64, 64, 64, 64]"
digits,model_2layers_20neurons.h5,74,3.1336326599121094,49,"[0.34061622619628906, 0.3387730121612549, 0.31554746627807617, 0.3419671058654785, 0.5882937908172607, 0.6976070404052734, 0.641864538192749, 0.5369150638580322, 0.47851085662841797, 0.5079634189605713]","[1, 2, 5, 5, 64, 64, 64, 64, 64, 64]"
digits,model_2layers_20neurons.h5,75,2.834772825241089,47,"[0.32766199111938477, 0.2910804748535156, 0.3182861804962158, 0.3373384475708008, 0.5230026245117188, 0.5401062965393066, 0.5208146572113037, 0.5081896781921387, 0.5086507797241211, 0.4605123996734619]","[2, 2, 2, 2, 64, 64, 64, 64, 64, 64]"
digits,model_2layers_20neurons.h5,76,3.7092673778533936,48,"[0.3216531276702881, 0.31535768508911133, 0.5216751098632812, 0.33081555366516113, 0.5523812770843506, 0.5225546360015869, 0.5282855033874512, 0.5092520713806152, 0.5331029891967773, 0.49968838691711426]","[2, 2, 5, 9, 64, 64, 64, 64, 64, 64]"
digits,model_2layers_20neurons.h5,77,9.43106198310852,43,"[0.32518959045410156, 0.3404686450958252, 0.3137545585632324, 0.31836414337158203, 0.5442929267883301, 0.5210175514221191, 0.5225365161895752, 0.5321173667907715, 0.5024020671844482, 0.5006265640258789]","[2, 2, 2, 2, 64, 64, 64, 64, 64, 64]"
digits,model_2layers_20neurons.h5,78,2.2701871395111084,53,"[0.3141765594482422, 0.32612085342407227, 0.2998344898223877, 0.3251965045928955, 0.5542502403259277, 0.5198071002960205, 0.527848482131958, 0.5099835395812988, 0.5149643421173096, 0.4665257930755615]","[2, 2, 2, 2, 64, 64, 64, 64, 64, 64]"
digits,model_2layers_20neurons.h5,79,3.502736091613769,46,"[0.3225247859954834, 0.3232450485229492, 0.3202648162841797, 0.33094024658203125, 0.5397396087646484, 0.5052714347839355, 0.5333251953125, 0.5028073787689209, 0.5179188251495361, 0.4663863182067871]","[1, 1, 3, 9, 64, 64, 64, 64, 64, 64]"
digits,model_2layers_20neurons.h5,80,4.446079969406128,45,"[0.30295395851135254, 0.3341526985168457, 0.3528878688812256, 0.36838603019714355, 0.5554842948913574, 0.5400052070617676, 0.5605289936065674, 0.5157966613769531, 0.5363667011260986, 0.4786663055419922]","[2, 2, 11, 18, 64, 64, 64, 64, 64, 64]"
digits,model_2layers_20neurons.h5,81,6.783267498016357,43,"[0.31162333488464355, 0.32857799530029297, 0.2889575958251953, 0.3080723285675049, 0.6403794288635254, 0.5700376033782959, 0.5439877510070801, 0.5216250419616699, 0.5010581016540527, 0.47959184646606445]","[2, 2, 2, 2, 64, 64, 64, 64, 64, 64]"
digits,model_2layers_20neurons.h5,82,7.333386659622192,41,"[0.35475993156433105, 0.299924373626709, 0.31225156784057617, 0.31583189964294434, 0.5517714023590088, 0.5198037624359131, 0.5372681617736816, 0.506152868270874, 0.5024392604827881, 0.485379695892334]","[2, 2, 2, 2, 64, 64, 64, 64, 64, 64]"
digits,model_2layers_20neurons.h5,83,4.942919015884399,44,"[0.32827091217041016, 0.32234692573547363, 0.318375825881958, 0.30449938774108887, 0.5439379215240479, 0.5193650722503662, 0.5342209339141846, 0.49691319465637207, 0.5173764228820801, 0.474031925201416]","[2, 2, 2, 2, 64, 64, 64, 64, 64, 64]"
digits,model_2layers_20neurons.h5,84,3.536132574081421,49,"[0.3437802791595459, 0.3082256317138672, 0.5422649383544922, 0.38329458236694336, 0.5307145118713379, 0.5627527236938477, 0.520479679107666, 0.6913738250732422, 0.6565272808074951, 0.5056400299072266]","[2, 2, 13, 18, 64, 64, 64, 64, 64, 64]"
digits,model_2layers_20neurons.h5,85,2.6441397666931152,51,"[0.33350539207458496, 0.36850881576538086, 0.3706183433532715, 0.37703394889831543, 0.548464298248291, 0.5870232582092285, 0.5367567539215088, 0.5817992687225342, 0.5140242576599121, 0.4913482666015625]","[3, 12, 12, 12, 64, 64, 64, 64, 64, 64]"
digits,model_2layers_20neurons.h5,86,6.358727216720581,39,"[0.32901978492736816, 0.3362758159637451, 0.3623828887939453, 0.37122631072998047, 0.5519886016845703, 0.6213970184326172, 0.5764729976654053, 0.576277494430542, 0.57778000831604, 0.487377405166626]","[4, 4, 5, 18, 64, 64, 64, 64, 64, 64]"
digits,model_2layers_20neurons.h5,87,3.309278726577759,46,"[0.3435678482055664, 0.3543367385864258, 0.32828617095947266, 0.3390953540802002, 0.5623898506164551, 0.5402424335479736, 0.5495548248291016, 0.5129861831665039, 0.5267512798309326, 0.4814109802246094]","[4, 5, 5, 5, 64, 64, 64, 64, 64, 64]"
digits,model_2layers_20neurons.h5,88,6.019917249679565,43,"[0.38068127632141113, 0.37121129035949707, 0.34737229347229004, 0.39372777938842773, 0.5099213123321533, 0.5242609977722168, 0.5282409191131592, 0.5225880146026611, 0.48557543754577637, 0.4718940258026123]","[3, 10, 12, 12, 64, 64, 64, 64, 64, 64]"
digits,model_2layers_20neurons.h5,89,4.878530025482178,42,"[0.33143138885498047, 0.325793981552124, 0.3477439880371094, 0.3225131034851074, 0.5482463836669922, 0.5595073699951172, 0.5231218338012695, 0.559431791305542, 0.5172927379608154, 0.48796749114990234]","[3, 5, 5, 5, 64, 64, 64, 64, 64, 64]"
digits,model_2layers_20neurons.h5,90,5.388988256454468,41,"[0.34551095962524414, 0.3202526569366455, 0.33225083351135254, 0.3030099868774414, 0.5201668739318848, 0.5389294624328613, 0.5017564296722412, 0.5334734916687012, 0.49428462982177734, 0.4953489303588867]","[3, 3, 3, 3, 64, 64, 64, 64, 64, 64]"
digits,model_2layers_20neurons.h5,91,3.5351662635803223,44,"[0.34099459648132324, 0.3061690330505371, 0.35149240493774414, 0.3384079933166504, 0.5094513893127441, 0.5517168045043945, 0.5087177753448486, 0.5392367839813232, 0.5127792358398438, 0.4853372573852539]","[2, 4, 4, 13, 64, 64, 64, 64, 64, 64]"
digits,model_2layers_20neurons.h5,92,2.9799203872680664,49,"[0.33785247802734375, 0.31271982192993164, 0.328014612197876, 0.34511303901672363, 0.5171239376068115, 0.5594205856323242, 0.5104544162750244, 0.552727460861206, 0.5104444026947021, 0.49719953536987305]","[2, 2, 2, 13, 64, 64, 64, 64, 64, 64]"
digits,model_2layers_20neurons.h5,93,4.532555103302002,42,"[0.329547643661499, 0.3159918785095215, 0.5313246250152588, 0.3061971664428711, 0.5269691944122314, 0.5607602596282959, 0.5304915904998779, 0.5339775085449219, 0.49196553230285645, 0.5047132968902588]","[3, 5, 5, 5, 64, 64, 64, 64, 64, 64]"
digits,model_2layers_20neurons.h5,94,3.7543346881866455,50,"[0.37095189094543457, 0.36443638801574707, 0.37421321868896484, 0.3666849136352539, 0.5817224979400635, 0.5841548442840576, 0.539287805557251, 0.5459811687469482, 0.5359399318695068, 0.5404834747314453]","[3, 3, 3, 3, 64, 64, 64, 64, 64, 64]"
digits,model_2layers_20neurons.h5,95,4.914478778839111,46,"[0.4557375907897949, 0.47652721405029297, 0.3719327449798584, 0.38225698471069336, 0.6649386882781982, 0.6833605766296387, 0.6372418403625488, 0.7150754928588867, 0.6543941497802734, 0.6022734642028809]","[1, 1, 1, 9, 64, 64, 64, 64, 64, 64]"
digits,model_2layers_20neurons.h5,96,10.212409734725952,40,"[0.37872910499572754, 0.3197367191314697, 0.3521270751953125, 0.35836243629455566, 0.616985559463501, 0.5997500419616699, 0.5625791549682617, 0.6004431247711182, 0.5965492725372314, 0.6231443881988525]","[3, 3, 3, 3, 64, 64, 64, 64, 64, 64]"
digits,model_2layers_20neurons.h5,97,5.643667459487915,44,"[0.3911476135253906, 0.406522274017334, 0.4071931838989258, 0.7891280651092529, 0.6355664730072021, 0.6011343002319336, 0.6120815277099609, 0.8827147483825684, 0.6747109889984131, 0.7147183418273926]","[2, 5, 5, 18, 64, 64, 64, 64, 64, 64]"
digits,model_2layers_20neurons.h5,98,7.652843236923218,43,"[0.33759236335754395, 0.3205897808074951, 0.34026670455932617, 0.33600449562072754, 0.5269672870635986, 0.5628242492675781, 0.5217788219451904, 0.5758538246154785, 0.5058715343475342, 0.5200822353363037]","[3, 3, 3, 3, 64, 64, 64, 64, 64, 64]"
digits,model_2layers_20neurons.h5,99,3.350933790206909,49,"[0.33774232864379883, 0.3425450325012207, 0.38172435760498047, 0.3436102867126465, 0.5126538276672363, 0.5469496250152588, 0.4966878890991211, 0.5203568935394287, 0.49073290824890137, 0.498626708984375]","[4, 10, 17, 17, 64, 64, 64, 64, 64, 64]"
digits,model_3layers_20neurons.h5,0,23.92341780662537,47,"[0.33924341201782227, 0.3431892395019531, 0.3185606002807617, 0.33234667778015137, 0.8622114658355713, 0.6464474201202393, 0.6206653118133545, 0.5734822750091553, 0.5591809749603271, 0.5340688228607178]","[2, 2, 2, 2, 64, 64, 64, 64, 64, 64]"
digits,model_3layers_20neurons.h5,1,48.23296022415161,48,"[0.40047764778137207, 0.39960694313049316, 0.4333186149597168, 0.5136904716491699, 0.846839427947998, 0.8249771595001221, 1.0276947021484375, 0.7525796890258789, 0.6308643817901611, 0.666672945022583]","[2, 2, 9, 11, 64, 64, 64, 64, 64, 64]"
digits,model_3layers_20neurons.h5,2,76.37716364860535,42,"[0.36404943466186523, 0.34243345260620117, 0.35876893997192383, 0.3445718288421631, 0.5941932201385498, 0.6346697807312012, 0.6145029067993164, 0.6240549087524414, 0.6532282829284668, 0.5550527572631836]","[3, 5, 5, 5, 64, 64, 64, 64, 64, 64]"
digits,model_3layers_20neurons.h5,3,82.8363196849823,47,"[0.3399989604949951, 0.3518052101135254, 0.3162665367126465, 0.30902791023254395, 0.6395306587219238, 0.5994241237640381, 0.6169641017913818, 0.5723891258239746, 0.5801901817321777, 0.5140285491943359]","[1, 2, 2, 2, 64, 64, 64, 64, 64, 64]"
digits,model_3layers_20neurons.h5,4,166.93404364585876,43,"[0.33398962020874023, 0.345597505569458, 0.3391110897064209, 0.3353462219238281, 0.5893528461456299, 0.5805861949920654, 0.570626974105835, 0.5460727214813232, 0.5586624145507812, 0.5044412612915039]","[3, 4, 4, 4, 64, 64, 64, 64, 64, 64]"
digits,model_3layers_20neurons.h5,5,40.30075025558472,47,"[0.3714745044708252, 0.33101844787597656, 0.35267210006713867, 0.33777475357055664, 0.6470770835876465, 0.6172235012054443, 0.8393571376800537, 0.6152863502502441, 0.5507721900939941, 0.5560126304626465]","[2, 2, 2, 2, 64, 64, 64, 64, 64, 64]"
digits,model_3layers_20neurons.h5,6,100.12212133407593,44,"[0.3943483829498291, 0.40209007263183594, 0.3819007873535156, 0.4539165496826172, 0.957038164138794, 0.8006982803344727, 0.7869210243225098, 0.7516663074493408, 0.7754430770874023, 0.7353336811065674]","[2, 4, 4, 10, 64, 64, 64, 64, 64, 64]"
