dataset,modelo,instance,relaxed_layer_1_time_milp_relaxed,relaxed_layer_1_len_milp_relaxed,relaxed_layer_1_explanation
glass,model_2layers_20neurons.h5,0,0.0915403366088867,9,"{'x_0': 0.4513704686118416, 'x_1': 0.458498023715415, 'x_2': 0.8129175946547883, 'x_3': 0.1806853582554517, 'x_4': 0.4487895716945971, 'x_5': 0.0305958132045088, 'x_6': 0.4107806691449813, 'x_7': 0.0, 'x_8': 0.3333333333333333}"
glass,model_2layers_20neurons.h5,1,0.095212697982788,9,"{'x_0': 0.710875331564992, 'x_1': 0.0573122529644263, 'x_2': 0.0, 'x_3': 0.1433021806853582, 'x_4': 0.6089385474860318, 'x_5': 0.0, 'x_6': 0.8856877323420074, 'x_7': 0.0, 'x_8': 0.0}"
glass,model_2layers_20neurons.h5,2,0.1066656112670898,9,"{'x_0': 0.2117595048629539, 'x_1': 0.5316205533596836, 'x_2': 0.7572383073496659, 'x_3': 0.2897196261682243, 'x_4': 0.5363128491620088, 'x_5': 0.0950080515297906, 'x_6': 0.2685873605947955, 'x_7': 0.0, 'x_8': 0.0}"
glass,model_2layers_20neurons.h5,3,0.0931041240692138,9,"{'x_0': 0.3138815207780681, 'x_1': 0.4525691699604741, 'x_2': 0.8062360801781737, 'x_3': 0.2398753894080997, 'x_4': 0.4711359404096829, 'x_5': 0.1030595813204508, 'x_6': 0.3438661710037175, 'x_7': 0.0, 'x_8': 0.2941176470588235}"
glass,model_2layers_20neurons.h5,4,0.0896625518798828,9,"{'x_0': 0.4783377541998277, 'x_1': 0.6877470355731226, 'x_2': 0.8507795100222716, 'x_3': 0.0560747663551401, 'x_4': 0.3649906890130339, 'x_5': 0.0177133655394524, 'x_6': 0.3847583643122676, 'x_7': 0.0, 'x_8': 0.0}"
glass,model_2layers_20neurons.h5,5,0.1835763454437255,9,"{'x_0': 0.2603890362511123, 'x_1': 0.5237154150197627, 'x_2': 0.7795100222717148, 'x_3': 0.2679127725856697, 'x_4': 0.5661080074487863, 'x_5': 0.0805152979066022, 'x_6': 0.278810408921933, 'x_7': 0.0, 'x_8': 0.0}"
glass,model_2layers_20neurons.h5,6,0.0874395370483398,9,"{'x_0': 0.2400530503978757, 'x_1': 0.4229249011857705, 'x_2': 0.7928730512249442, 'x_3': 0.4205607476635513, 'x_4': 0.6201117318435738, 'x_5': 0.1046698872785829, 'x_6': 0.2379182156133829, 'x_7': 0.0, 'x_8': 0.0}"
glass,model_2layers_20neurons.h5,7,0.0889756679534912,9,"{'x_0': 0.7276746242263528, 'x_1': 0.3774703557312251, 'x_2': 0.0, 'x_3': 0.1183800623052959, 'x_4': 0.4115456238361243, 'x_5': 0.0096618357487922, 'x_6': 0.8336431226765797, 'x_7': 0.0, 'x_8': 0.0}"
glass,model_2layers_20neurons.h5,8,0.0856168270111084,9,"{'x_0': 0.2886825817860341, 'x_1': 0.4644268774703555, 'x_2': 0.77728285077951, 'x_3': 0.308411214953271, 'x_4': 0.5679702048417123, 'x_5': 0.0966183574879227, 'x_6': 0.2843866171003717, 'x_7': 0.0, 'x_8': 0.0}"
glass,model_2layers_20neurons.h5,9,0.1097438335418701,9,"{'x_0': 0.2670203359858476, 'x_1': 0.4525691699604741, 'x_2': 0.7884187082405345, 'x_3': 0.4361370716510903, 'x_4': 0.5437616387337041, 'x_5': 0.0869565217391304, 'x_6': 0.2797397769516727, 'x_7': 0.0, 'x_8': 0.1372549019607843}"
glass,model_2layers_20neurons.h5,10,0.0945241451263427,9,"{'x_0': 0.5234305923961102, 'x_1': 0.5355731225296441, 'x_2': 0.7438752783964364, 'x_3': 0.2928348909657321, 'x_4': 0.4785847299813763, 'x_5': 0.0966183574879227, 'x_6': 0.315985130111524, 'x_7': 0.0, 'x_8': 0.0}"
glass,model_2layers_20neurons.h5,11,0.0977084636688232,9,"{'x_0': 0.3138815207780681, 'x_1': 0.4347826086956519, 'x_2': 0.8329621380846325, 'x_3': 0.2554517133956386, 'x_4': 0.4599627560521409, 'x_5': 0.1030595813204508, 'x_6': 0.3280669144981413, 'x_7': 0.0, 'x_8': 0.4313725490196078}"
glass,model_2layers_20neurons.h5,12,0.0848028659820556,9,"{'x_0': 0.4031830238726712, 'x_1': 0.5237154150197627, 'x_2': 0.0, 'x_3': 0.3457943925233644, 'x_4': 0.4543761638733699, 'x_5': 0.0531400966183574, 'x_6': 0.6570631970260221, 'x_7': 0.0, 'x_8': 0.0}"
glass,model_2layers_20neurons.h5,13,0.0956006050109863,9,"{'x_0': 0.2029177718832926, 'x_1': 0.4960474308300395, 'x_2': 0.7438752783964364, 'x_3': 0.3676012461059189, 'x_4': 0.6126629422718786, 'x_5': 0.0628019323671497, 'x_6': 0.2592936802973977, 'x_7': 0.0, 'x_8': 0.0}"
glass,model_2layers_20neurons.h5,14,0.0941152572631836,9,"{'x_0': 0.2055702917771924, 'x_1': 0.4071146245059283, 'x_2': 0.8040089086859687, 'x_3': 0.4143302180685357, 'x_4': 0.5884543761638721, 'x_5': 0.1030595813204508, 'x_6': 0.2453531598513011, 'x_7': 0.0, 'x_8': 0.5098039215686274}"
glass,model_2layers_20neurons.h5,15,0.0858745574951171,9,"{'x_0': 0.3704686118479259, 'x_1': 0.3774703557312251, 'x_2': 0.0, 'x_3': 0.4236760124610591, 'x_4': 0.7337057728119163, 'x_5': 0.0611916264090177, 'x_6': 0.5669144981412637, 'x_7': 0.0, 'x_8': 0.0}"
glass,model_2layers_20neurons.h5,16,0.0925326347351074,9,"{'x_0': 0.0371352785145973, 'x_1': 0.4466403162055337, 'x_2': 0.7728285077951003, 'x_3': 0.2585669781931464, 'x_4': 0.5903165735567963, 'x_5': 0.0998389694041868, 'x_6': 0.2713754646840147, 'x_7': 0.0, 'x_8': 0.6078431372549019}"
glass,model_2layers_20neurons.h5,17,0.086181640625,9,"{'x_0': 0.4142351900972585, 'x_1': 0.5573122529644268, 'x_2': 0.465478841870824, 'x_3': 0.4299065420560747, 'x_4': 0.4413407821229054, 'x_5': 0.0853462157809984, 'x_6': 0.3847583643122676, 'x_7': 0.0857142857142857, 'x_8': 0.3333333333333333}"
glass,model_2layers_20neurons.h5,18,0.0846691131591796,9,"{'x_0': 0.2272325375773647, 'x_1': 0.5355731225296441, 'x_2': 0.8040089086859687, 'x_3': 0.3894080996884735, 'x_4': 0.4804469273743006, 'x_5': 0.1062801932367149, 'x_6': 0.2416356877323419, 'x_7': 0.0, 'x_8': 0.0}"
glass,model_2layers_20neurons.h5,19,0.0972354412078857,9,"{'x_0': 0.2338638373121142, 'x_1': 0.4466403162055337, 'x_2': 0.7082405345211581, 'x_3': 0.2928348909657321, 'x_4': 0.5884543761638721, 'x_5': 0.0933977455716586, 'x_6': 0.3141263940520445, 'x_7': 0.0, 'x_8': 0.4705882352941176}"
glass,model_2layers_20neurons.h5,20,0.0835464000701904,9,"{'x_0': 0.5654288240495191, 'x_1': 0.6126482213438735, 'x_2': 0.6458797327394209, 'x_3': 0.2741433021806853, 'x_4': 0.2495344506517689, 'x_5': 0.0128824476650563, 'x_6': 0.4981412639405203, 'x_7': 0.0, 'x_8': 0.0}"
glass,model_2layers_20neurons.h5,21,0.089724063873291,9,"{'x_0': 0.3125552608311182, 'x_1': 0.7094861660079053, 'x_2': 0.7260579064587972, 'x_3': 0.6012461059190031, 'x_4': 0.2681564245810044, 'x_5': 0.2351046698872785, 'x_6': 0.0334572490706319, 'x_7': 0.5174603174603174, 'x_8': 0.0}"
glass,model_2layers_20neurons.h5,22,0.0913243293762207,9,"{'x_0': 0.2029177718832926, 'x_1': 0.4525691699604741, 'x_2': 0.7973273942093541, 'x_3': 0.3800623052959502, 'x_4': 0.6163873370577271, 'x_5': 0.1111111111111111, 'x_6': 0.2351301115241635, 'x_7': 0.0, 'x_8': 0.0}"
glass,model_2layers_20neurons.h5,23,0.0882248878479003,9,"{'x_0': 0.4098143236074207, 'x_1': 0.4189723320158101, 'x_2': 0.3585746102449889, 'x_3': 0.5856697819314641, 'x_4': 0.4413407821229054, 'x_5': 0.1223832528180354, 'x_6': 0.3968401486988846, 'x_7': 0.0761904761904761, 'x_8': 1.0}"
glass,model_2layers_20neurons.h5,24,0.0891916751861572,9,"{'x_0': 0.2723253757736614, 'x_1': 0.4169960474308296, 'x_2': 0.7795100222717148, 'x_3': 0.2647975077881619, 'x_4': 0.6443202979515803, 'x_5': 0.0901771336553945, 'x_6': 0.2899628252788104, 'x_7': 0.0, 'x_8': 0.0}"
glass,model_2layers_20neurons.h5,25,0.0946741104125976,9,"{'x_0': 0.2024756852343046, 'x_1': 0.424901185770751, 'x_2': 0.7639198218262806, 'x_3': 0.3457943925233644, 'x_4': 0.6461824953445046, 'x_5': 0.1111111111111111, 'x_6': 0.2434944237918216, 'x_7': 0.0, 'x_8': 0.4705882352941176}"
glass,model_2layers_20neurons.h5,26,0.0920045375823974,9,"{'x_0': 0.1927497789566814, 'x_1': 0.5059288537549405, 'x_2': 0.7683741648106904, 'x_3': 0.2866043613707165, 'x_4': 0.5456238361266266, 'x_5': 0.0901771336553945, 'x_6': 0.2918215613382899, 'x_7': 0.0, 'x_8': 0.0}"
glass,model_2layers_20neurons.h5,27,0.2068390846252441,9,"{'x_0': 0.3275862068965551, 'x_1': 0.4347826086956519, 'x_2': 0.8151447661469933, 'x_3': 0.3956386292834891, 'x_4': 0.5027932960893846, 'x_5': 0.0933977455716586, 'x_6': 0.2899628252788104, 'x_7': 0.0, 'x_8': 0.2352941176470588}"
glass,model_2layers_20neurons.h5,28,0.0955729484558105,9,"{'x_0': 0.2864721485411081, 'x_1': 0.4901185770750986, 'x_2': 0.755011135857461, 'x_3': 0.32398753894081, 'x_4': 0.5493482309124769, 'x_5': 0.0950080515297906, 'x_6': 0.2936802973977694, 'x_7': 0.0, 'x_8': 0.0}"
glass,model_2layers_20neurons.h5,29,0.0923905372619628,9,"{'x_0': 0.2316534040672024, 'x_1': 0.5296442687747036, 'x_2': 0.755011135857461, 'x_3': 0.308411214953271, 'x_4': 0.5270018621973911, 'x_5': 0.0837359098228663, 'x_6': 0.2992565055762082, 'x_7': 0.0, 'x_8': 0.0}"
glass,model_2layers_20neurons.h5,30,0.0840978622436523,9,"{'x_0': 0.2984084880636573, 'x_1': 0.4486166007905137, 'x_2': 0.8463251670378619, 'x_3': 0.2461059190031152, 'x_4': 0.6070763500931076, 'x_5': 0.0901771336553945, 'x_6': 0.2741635687732342, 'x_7': 0.0, 'x_8': 0.2352941176470588}"
glass,model_2layers_20neurons.h5,31,0.0902345180511474,9,"{'x_0': 0.247126436781599, 'x_1': 0.5138339920948614, 'x_2': 0.7884187082405345, 'x_3': 0.4112149532710279, 'x_4': 0.5083798882681556, 'x_5': 0.109500805152979, 'x_6': 0.2490706319702601, 'x_7': 0.0, 'x_8': 0.0}"
glass,model_2layers_20neurons.h5,32,0.0869786739349365,9,"{'x_0': 0.3514588859416534, 'x_1': 0.4881422924901182, 'x_2': 0.7416481069042316, 'x_3': 0.308411214953271, 'x_4': 0.4748603351955296, 'x_5': 0.0966183574879227, 'x_6': 0.3447955390334573, 'x_7': 0.0, 'x_8': 0.2156862745098039}"
glass,model_2layers_20neurons.h5,33,0.0931742191314697,9,"{'x_0': 0.3364279398762164, 'x_1': 0.539525691699605, 'x_2': 0.8530066815144766, 'x_3': 0.3021806853582555, 'x_4': 0.5102420856610781, 'x_5': 0.0917874396135265, 'x_6': 0.258364312267658, 'x_7': 0.0, 'x_8': 0.2745098039215686}"
glass,model_2layers_20neurons.h5,34,0.0949866771697998,9,"{'x_0': 0.4509283819628678, 'x_1': 0.0592885375494067, 'x_2': 0.3808463251670378, 'x_3': 0.3956386292834891, 'x_4': 0.675977653631282, 'x_5': 0.0933977455716586, 'x_6': 0.5752788104089217, 'x_7': 0.0, 'x_8': 0.0}"
glass,model_2layers_20neurons.h5,35,0.1068525314331054,9,"{'x_0': 0.2758620689655089, 'x_1': 0.3913043478260869, 'x_2': 0.7616926503340756, 'x_3': 0.2834890965732087, 'x_4': 0.6312849162011158, 'x_5': 0.0950080515297906, 'x_6': 0.2983271375464684, 'x_7': 0.0, 'x_8': 0.0}"
glass,model_2layers_20neurons.h5,36,0.0825495719909668,9,"{'x_0': 0.4624226348364288, 'x_1': 0.4881422924901182, 'x_2': 0.8195991091314031, 'x_3': 0.2679127725856697, 'x_4': 0.5474860335195508, 'x_5': 0.0869565217391304, 'x_6': 0.287174721189591, 'x_7': 0.0, 'x_8': 0.0}"
glass,model_2layers_20neurons.h5,37,0.0969891548156738,9,"{'x_0': 0.2130857648099038, 'x_1': 0.6304347826086953, 'x_2': 0.7839643652561247, 'x_3': 0.2990654205607477, 'x_4': 0.5716945996275573, 'x_5': 0.0595813204508856, 'x_6': 0.233271375464684, 'x_7': 0.0, 'x_8': 0.2745098039215686}"
glass,model_2layers_20neurons.h5,38,0.0875055789947509,9,"{'x_0': 0.2303271441202525, 'x_1': 0.5592885375494072, 'x_2': 0.7951002227171491, 'x_3': 0.3676012461059189, 'x_4': 0.4916201117318426, 'x_5': 0.1030595813204508, 'x_6': 0.2351301115241635, 'x_7': 0.0, 'x_8': 0.0}"
glass,model_2layers_20neurons.h5,39,0.0855135917663574,9,"{'x_0': 0.2926613616268838, 'x_1': 0.4901185770750986, 'x_2': 0.7750556792873051, 'x_3': 0.3489096573208722, 'x_4': 0.5270018621973911, 'x_5': 0.0950080515297906, 'x_6': 0.278810408921933, 'x_7': 0.0, 'x_8': 0.0}"
glass,model_2layers_20neurons.h5,40,0.0808601379394531,9,"{'x_0': 0.2564102564102484, 'x_1': 0.426877470355731, 'x_2': 0.8062360801781737, 'x_3': 0.3987538940809969, 'x_4': 0.586592178770946, 'x_5': 0.0982286634460547, 'x_6': 0.2490706319702601, 'x_7': 0.0, 'x_8': 0.0}"
glass,model_2layers_20neurons.h5,41,0.0951983928680419,9,"{'x_0': 0.2175066312997273, 'x_1': 0.6739130434782608, 'x_2': 0.0, 'x_3': 0.806853582554517, 'x_4': 0.5214152700186201, 'x_5': 0.0128824476650563, 'x_6': 0.3485130111524163, 'x_7': 0.3365079365079365, 'x_8': 0.0}"
glass,model_2layers_20neurons.h5,42,0.0806725025177002,9,"{'x_0': 0.2550839964633127, 'x_1': 0.5909090909090908, 'x_2': 0.8195991091314031, 'x_3': 0.4735202492211837, 'x_4': 0.4189944134078196, 'x_5': 0.1030595813204508, 'x_6': 0.2276951672862452, 'x_7': 0.0, 'x_8': 0.0}"
glass,model_2layers_20neurons.h5,43,0.0842154026031494,9,"{'x_0': 0.2152961980548298, 'x_1': 0.5533596837944663, 'x_2': 0.7906458797327394, 'x_3': 0.3894080996884735, 'x_4': 0.5921787709497188, 'x_5': 0.0628019323671497, 'x_6': 0.2184014869888475, 'x_7': 0.0, 'x_8': 0.0}"
glass,model_2layers_20neurons.h5,44,0.0824601650238037,9,"{'x_0': 0.2192749778956653, 'x_1': 0.4486166007905137, 'x_2': 0.7973273942093541, 'x_3': 0.3894080996884735, 'x_4': 0.5623836126629396, 'x_5': 0.0982286634460547, 'x_6': 0.2425650557620816, 'x_7': 0.0, 'x_8': 0.0}"
glass,model_2layers_20neurons.h5,45,0.0942146778106689,9,"{'x_0': 0.3262599469496052, 'x_1': 0.4861660079051382, 'x_2': 0.7505567928730512, 'x_3': 0.277258566978193, 'x_4': 0.5418994413407798, 'x_5': 0.0917874396135265, 'x_6': 0.315985130111524, 'x_7': 0.0, 'x_8': 0.3137254901960784}"
glass,model_2layers_20neurons.h5,46,0.0864830017089843,9,"{'x_0': 0.2458001768346633, 'x_1': 0.4940711462450591, 'x_2': 0.7884187082405345, 'x_3': 0.3707165109034267, 'x_4': 0.5642458100558656, 'x_5': 0.0901771336553945, 'x_6': 0.2481412639405203, 'x_7': 0.0, 'x_8': 0.0}"
glass,model_2layers_20neurons.h5,47,0.0976471900939941,9,"{'x_0': 0.4199823165340461, 'x_1': 0.6027667984189722, 'x_2': 0.5077951002227171, 'x_3': 0.3551401869158878, 'x_4': 0.4059590316573533, 'x_5': 0.0789049919484702, 'x_6': 0.4107806691449813, 'x_7': 0.0, 'x_8': 0.3333333333333333}"
glass,model_2layers_20neurons.h5,48,0.0848960876464843,9,"{'x_0': 0.2183908045977034, 'x_1': 0.5197628458498023, 'x_2': 0.7973273942093541, 'x_3': 0.3738317757009345, 'x_4': 0.5418994413407798, 'x_5': 0.072463768115942, 'x_6': 0.258364312267658, 'x_7': 0.0, 'x_8': 0.0}"
glass,model_2layers_20neurons.h5,49,0.1010386943817138,9,"{'x_0': 0.2400530503978757, 'x_1': 0.4071146245059283, 'x_2': 0.7839643652561247, 'x_3': 0.3894080996884735, 'x_4': 0.6610800744878933, 'x_5': 0.1062801932367149, 'x_6': 0.2295539033457249, 'x_7': 0.0, 'x_8': 0.0}"
glass,model_2layers_20neurons.h5,50,0.1631300449371338,9,"{'x_0': 0.3439434129089278, 'x_1': 0.6245059288537549, 'x_2': 0.7861915367483295, 'x_3': 0.3208722741433022, 'x_4': 0.3724394785847291, 'x_5': 0.0821256038647343, 'x_6': 0.3113382899628252, 'x_7': 0.0349206349206349, 'x_8': 0.0}"
glass,model_2layers_20neurons.h5,51,0.0876131057739257,9,"{'x_0': 0.3165340406719679, 'x_1': 0.4683794466403159, 'x_2': 0.8841870824053452, 'x_3': 0.2803738317757009, 'x_4': 0.4897579143389183, 'x_5': 0.0966183574879227, 'x_6': 0.278810408921933, 'x_7': 0.0, 'x_8': 0.0}"
glass,model_2layers_20neurons.h5,52,0.0827932357788086,9,"{'x_0': 0.3740053050397875, 'x_1': 0.6086956521739131, 'x_2': 0.7973273942093541, 'x_3': 0.3208722741433022, 'x_4': 0.3556797020484161, 'x_5': 0.0193236714975845, 'x_6': 0.3011152416356877, 'x_7': 0.219047619047619, 'x_8': 0.0}"
glass,model_2layers_20neurons.h5,53,0.0814418792724609,9,"{'x_0': 0.2674624226348356, 'x_1': 0.4051383399209483, 'x_2': 0.8062360801781737, 'x_3': 0.3115264797507788, 'x_4': 0.5549348230912479, 'x_5': 0.0950080515297906, 'x_6': 0.3039033457249069, 'x_7': 0.0, 'x_8': 0.0}"
glass,model_2layers_20neurons.h5,54,0.1017115116119384,9,"{'x_0': 0.2908930150309459, 'x_1': 0.4861660079051382, 'x_2': 0.8685968819599108, 'x_3': 0.3146417445482866, 'x_4': 0.4692737430167586, 'x_5': 0.0885668276972624, 'x_6': 0.2797397769516727, 'x_7': 0.0, 'x_8': 0.5490196078431373}"
glass,model_2layers_20neurons.h5,55,0.1165757179260253,9,"{'x_0': 0.2307692307692264, 'x_1': 0.2411067193675884, 'x_2': 0.0, 'x_3': 0.2803738317757009, 'x_4': 1.0, 'x_5': 0.4347826086956521, 'x_6': 0.3252788104089218, 'x_7': 0.0, 'x_8': 0.0}"
glass,model_2layers_20neurons.h5,56,0.0867307186126709,9,"{'x_0': 0.274977895667547, 'x_1': 0.3636363636363633, 'x_2': 0.7728285077951003, 'x_3': 0.3395638629283488, 'x_4': 0.6666666666666643, 'x_5': 0.0966183574879227, 'x_6': 0.2899628252788104, 'x_7': 0.0, 'x_8': 0.1176470588235294}"
glass,model_2layers_20neurons.h5,57,0.0866036415100097,9,"{'x_0': 0.2793987621573848, 'x_1': 0.4090909090909091, 'x_2': 0.8151447661469933, 'x_3': 0.3052959501557633, 'x_4': 0.5959031657355673, 'x_5': 0.0966183574879227, 'x_6': 0.2908921933085502, 'x_7': 0.0, 'x_8': 0.0}"
glass,model_2layers_20neurons.h5,58,0.0851907730102539,9,"{'x_0': 0.2250221043324529, 'x_1': 0.7193675889328062, 'x_2': 0.0, 'x_3': 0.7632398753894081, 'x_4': 0.5661080074487863, 'x_5': 0.0, 'x_6': 0.3736059479553901, 'x_7': 0.1714285714285714, 'x_8': 0.0}"
glass,model_2layers_20neurons.h5,59,0.0846245288848877,9,"{'x_0': 0.169319186560557, 'x_1': 0.6482213438735176, 'x_2': 0.5968819599109131, 'x_3': 1.0, 'x_4': 0.0148975791433887, 'x_5': 0.2705314009661835, 'x_6': 0.0408921933085502, 'x_7': 0.6984126984126985, 'x_8': 0.0}"
glass,model_2layers_20neurons.h5,60,0.0830838680267334,9,"{'x_0': 0.2705570291777093, 'x_1': 0.5079051383399209, 'x_2': 0.8017817371937639, 'x_3': 0.2647975077881619, 'x_4': 0.6108007448789561, 'x_5': 0.0933977455716586, 'x_6': 0.2546468401486988, 'x_7': 0.0, 'x_8': 0.0}"
glass,model_2layers_20neurons.h5,61,0.0982186794281005,9,"{'x_0': 0.2608311229000861, 'x_1': 0.4229249011857705, 'x_2': 0.7750556792873051, 'x_3': 0.32398753894081, 'x_4': 0.6014897579143383, 'x_5': 0.0901771336553945, 'x_6': 0.278810408921933, 'x_7': 0.0, 'x_8': 0.0}"
glass,model_2layers_20neurons.h5,62,0.0817501544952392,9,"{'x_0': 0.2369584438549878, 'x_1': 0.4367588932806323, 'x_2': 0.8040089086859687, 'x_3': 0.3021806853582555, 'x_4': 0.5474860335195508, 'x_5': 0.0901771336553945, 'x_6': 0.2946096654275092, 'x_7': 0.0, 'x_8': 0.0}"
glass,model_2layers_20neurons.h5,63,0.0800135135650634,9,"{'x_0': 0.2656940760388977, 'x_1': 0.8339920948616597, 'x_2': 0.0, 'x_3': 0.4704049844236759, 'x_4': 0.5921787709497188, 'x_5': 0.0, 'x_6': 0.2955390334572489, 'x_7': 0.492063492063492, 'x_8': 0.0}"
glass,model_2layers_20neurons.h5,64,0.0934894084930419,9,"{'x_0': 0.3183023872679058, 'x_1': 0.4881422924901182, 'x_2': 0.8084632516703786, 'x_3': 0.2429906542056074, 'x_4': 0.5623836126629396, 'x_5': 0.0917874396135265, 'x_6': 0.2769516728624535, 'x_7': 0.0285714285714285, 'x_8': 0.3333333333333333}"
glass,model_2layers_20neurons.h5,65,0.086944580078125,9,"{'x_0': 0.2701149425287354, 'x_1': 0.50197628458498, 'x_2': 0.8062360801781737, 'x_3': 0.2959501557632399, 'x_4': 0.6089385474860318, 'x_5': 0.0885668276972624, 'x_6': 0.2453531598513011, 'x_7': 0.0, 'x_8': 0.0}"
glass,model_2layers_20neurons.h5,66,0.091179609298706,9,"{'x_0': 0.2847038019451844, 'x_1': 0.4189723320158101, 'x_2': 0.7750556792873051, 'x_3': 0.2928348909657321, 'x_4': 0.5884543761638721, 'x_5': 0.0982286634460547, 'x_6': 0.2908921933085502, 'x_7': 0.0285714285714285, 'x_8': 0.4313725490196078}"
glass,model_2layers_20neurons.h5,67,0.218719482421875,9,"{'x_0': 0.3037135278514569, 'x_1': 0.5909090909090908, 'x_2': 0.0, 'x_3': 0.0841121495327102, 'x_4': 0.8640595903165718, 'x_5': 0.0, 'x_6': 0.516728624535316, 'x_7': 0.0, 'x_8': 0.0}"
glass,model_2layers_20neurons.h5,68,0.0947766304016113,9,"{'x_0': 0.1878868258178556, 'x_1': 0.620553359683794, 'x_2': 0.0, 'x_3': 0.7009345794392523, 'x_4': 0.6368715083798868, 'x_5': 0.0225442834138486, 'x_6': 0.3698884758364311, 'x_7': 0.2571428571428572, 'x_8': 0.0196078431372549}"
glass,model_2layers_20neurons.h5,69,0.0878770351409912,9,"{'x_0': 0.3160919540229798, 'x_1': 0.5296442687747036, 'x_2': 0.866369710467706, 'x_3': 0.32398753894081, 'x_4': 0.4785847299813763, 'x_5': 0.0821256038647343, 'x_6': 0.2648698884758363, 'x_7': 0.0, 'x_8': 0.0}"
glass,model_2layers_20neurons.h5,70,0.0920577049255371,9,"{'x_0': 0.2382847038019377, 'x_1': 0.4960474308300395, 'x_2': 0.7951002227171491, 'x_3': 0.3395638629283488, 'x_4': 0.5381750465549331, 'x_5': 0.0901771336553945, 'x_6': 0.2797397769516727, 'x_7': 0.0, 'x_8': 0.196078431372549}"
glass,model_2layers_20neurons.h5,71,0.112126350402832,9,"{'x_0': 0.1945181255526051, 'x_1': 0.3932806324110669, 'x_2': 0.7706013363028953, 'x_3': 0.3956386292834891, 'x_4': 0.6312849162011158, 'x_5': 0.107890499194847, 'x_6': 0.2472118959107806, 'x_7': 0.0, 'x_8': 0.4705882352941176}"
glass,model_2layers_20neurons.h5,72,0.1007969379425048,9,"{'x_0': 0.4602122015915171, 'x_1': 0.5494071146245059, 'x_2': 0.8596881959910913, 'x_3': 0.1838006230529595, 'x_4': 0.3687150837988824, 'x_5': 0.037037037037037, 'x_6': 0.3819702602230481, 'x_7': 0.0, 'x_8': 0.2156862745098039}"
glass,model_2layers_20neurons.h5,73,0.1224746704101562,9,"{'x_0': 0.2396109637488876, 'x_1': 0.5079051383399209, 'x_2': 0.8106904231625834, 'x_3': 0.3862928348909658, 'x_4': 0.5065176908752314, 'x_5': 0.1046698872785829, 'x_6': 0.2416356877323419, 'x_7': 0.0, 'x_8': 0.5686274509803921}"
glass,model_2layers_20neurons.h5,74,0.1042511463165283,9,"{'x_0': 0.236074270557026, 'x_1': 0.4762845849802373, 'x_2': 0.7683741648106904, 'x_3': 0.4579439252336448, 'x_4': 0.4972067039106136, 'x_5': 0.0966183574879227, 'x_6': 0.2741635687732342, 'x_7': 0.0, 'x_8': 0.3333333333333333}"
glass,model_2layers_20neurons.h5,75,0.096780776977539,9,"{'x_0': 0.5473032714412085, 'x_1': 0.5355731225296441, 'x_2': 0.0, 'x_3': 0.4018691588785047, 'x_4': 0.4487895716945971, 'x_5': 0.0515297906602254, 'x_6': 0.6328996282527879, 'x_7': 0.0, 'x_8': 0.0}"
glass,model_2layers_20neurons.h5,76,0.1019489765167236,9,"{'x_0': 0.4288240495137074, 'x_1': 0.575098814229249, 'x_2': 1.0, 'x_3': 0.2523364485981308, 'x_4': 0.3668528864059581, 'x_5': 0.0096618357487922, 'x_6': 0.3085501858736059, 'x_7': 0.0, 'x_8': 0.0}"
glass,model_2layers_20neurons.h5,77,0.1113390922546386,9,"{'x_0': 0.2599469496021243, 'x_1': 0.7944664031620552, 'x_2': 0.0, 'x_3': 0.5327102803738317, 'x_4': 0.5977653631284898, 'x_5': 0.0, 'x_6': 0.2881040892193307, 'x_7': 0.5047619047619047, 'x_8': 0.1568627450980392}"
glass,model_2layers_20neurons.h5,78,0.0921943187713623,9,"{'x_0': 0.2175066312997273, 'x_1': 0.6857707509881421, 'x_2': 0.0, 'x_3': 0.778816199376947, 'x_4': 0.6797020484171288, 'x_5': 0.0064412238325281, 'x_6': 0.3355018587360593, 'x_7': 0.1269841269841269, 'x_8': 0.1764705882352941}"
glass,model_2layers_20neurons.h5,79,0.0977635383605957,9,"{'x_0': 0.1958443854995692, 'x_1': 0.8162055335968379, 'x_2': 0.8173719376391981, 'x_3': 0.4517133956386292, 'x_4': 0.3836126629422711, 'x_5': 0.0257648953301127, 'x_6': 0.1793680297397769, 'x_7': 0.0, 'x_8': 0.2352941176470588}"
glass,model_2layers_20neurons.h5,80,0.0960805416107177,9,"{'x_0': 0.2298850574712645, 'x_1': 0.7213438735177866, 'x_2': 0.0, 'x_3': 0.514018691588785, 'x_4': 0.7076350093109856, 'x_5': 0.0, 'x_6': 0.2834572490706319, 'x_7': 0.4984126984126984, 'x_8': 0.0}"
glass,model_2layers_20neurons.h5,81,0.0987138748168945,9,"{'x_0': 0.4602122015915171, 'x_1': 0.543478260869565, 'x_2': 0.8329621380846325, 'x_3': 0.190031152647975, 'x_4': 0.4096834264432019, 'x_5': 0.0289855072463768, 'x_6': 0.3884758364312266, 'x_7': 0.0, 'x_8': 0.1372549019607843}"
glass,model_2layers_20neurons.h5,82,0.1181318759918212,9,"{'x_0': 0.289566755083996, 'x_1': 0.3952569169960473, 'x_2': 0.7639198218262806, 'x_3': 0.2803738317757009, 'x_4': 0.5847299813780253, 'x_5': 0.0998389694041868, 'x_6': 0.3094795539033457, 'x_7': 0.0, 'x_8': 0.588235294117647}"
glass,model_2layers_20neurons.h5,83,0.0925917625427246,9,"{'x_0': 0.459770114942529, 'x_1': 0.1640316205533594, 'x_2': 0.4187082405345211, 'x_3': 0.3956386292834891, 'x_4': 0.5679702048417123, 'x_5': 0.0756843800322061, 'x_6': 0.5557620817843865, 'x_7': 0.0, 'x_8': 0.0}"
glass,model_2layers_20neurons.h5,84,0.0873315334320068,9,"{'x_0': 0.2816091954022965, 'x_1': 0.3616600790513833, 'x_2': 0.7839643652561247, 'x_3': 0.3551401869158878, 'x_4': 0.6219739292364981, 'x_5': 0.0917874396135265, 'x_6': 0.2890334572490705, 'x_7': 0.0, 'x_8': 0.0}"
glass,model_2layers_20neurons.h5,85,0.0846221446990966,9,"{'x_0': 0.2926613616268838, 'x_1': 0.4071146245059283, 'x_2': 0.7795100222717148, 'x_3': 0.2585669781931464, 'x_4': 0.5996275605214141, 'x_5': 0.1030595813204508, 'x_6': 0.3104089219330854, 'x_7': 0.0, 'x_8': 0.0}"
glass,model_2layers_20neurons.h5,86,0.0925509929656982,9,"{'x_0': 0.4823165340406632, 'x_1': 0.7312252964426875, 'x_2': 0.0, 'x_3': 0.2211838006230529, 'x_4': 0.5325884543761621, 'x_5': 0.0161030595813204, 'x_6': 0.565985130111524, 'x_7': 0.0, 'x_8': 0.1568627450980392}"
glass,model_2layers_20neurons.h5,87,0.0859804153442382,9,"{'x_0': 0.2546419098143246, 'x_1': 0.543478260869565, 'x_2': 0.7750556792873051, 'x_3': 0.4423676012461058, 'x_4': 0.5046554934823071, 'x_5': 0.0998389694041868, 'x_6': 0.2379182156133829, 'x_7': 0.0, 'x_8': 0.0}"
glass,model_2layers_20neurons.h5,88,0.0881745815277099,9,"{'x_0': 0.2740937223695852, 'x_1': 0.4110671936758892, 'x_2': 0.7951002227171491, 'x_3': 0.3302180685358256, 'x_4': 0.5977653631284898, 'x_5': 0.0998389694041868, 'x_6': 0.2936802973977694, 'x_7': 0.0, 'x_8': 0.0}"
glass,model_2layers_20neurons.h5,89,0.195540189743042,9,"{'x_0': 0.2276746242263385, 'x_1': 0.4565217391304346, 'x_2': 0.7572383073496659, 'x_3': 0.3021806853582555, 'x_4': 0.5959031657355673, 'x_5': 0.0837359098228663, 'x_6': 0.2927509293680297, 'x_7': 0.0, 'x_8': 0.0}"
glass,model_2layers_20neurons.h5,90,0.1070559024810791,9,"{'x_0': 0.1768346595932826, 'x_1': 0.7213438735177866, 'x_2': 0.0, 'x_3': 0.7383177570093458, 'x_4': 0.6126629422718786, 'x_5': 0.0064412238325281, 'x_6': 0.3392193308550185, 'x_7': 0.2031746031746031, 'x_8': 0.0}"
glass,model_2layers_20neurons.h5,91,0.1106536388397216,9,"{'x_0': 0.2042440318302425, 'x_1': 0.4980237154150195, 'x_2': 0.7683741648106904, 'x_3': 0.3551401869158878, 'x_4': 0.6256983240223448, 'x_5': 0.0982286634460547, 'x_6': 0.2258364312267657, 'x_7': 0.0, 'x_8': 0.0}"
glass,model_2layers_20neurons.h5,92,0.1047170162200927,9,"{'x_0': 0.4783377541998277, 'x_1': 0.6877470355731226, 'x_2': 0.8507795100222716, 'x_3': 0.0560747663551401, 'x_4': 0.3649906890130339, 'x_5': 0.0177133655394524, 'x_6': 0.3847583643122676, 'x_7': 0.0, 'x_8': 0.0}"
glass,model_2layers_20neurons.h5,93,0.1058518886566162,9,"{'x_0': 0.0839964633068035, 'x_1': 0.4486166007905137, 'x_2': 0.0, 'x_3': 0.8504672897196262, 'x_4': 0.1657355679702039, 'x_5': 1.0, 'x_6': 0.1394052044609665, 'x_7': 0.0, 'x_8': 0.0}"
glass,model_2layers_20neurons.h5,94,0.1147401332855224,9,"{'x_0': 0.6790450928381944, 'x_1': 0.6442687747035571, 'x_2': 0.8240534521158129, 'x_3': 0.1308411214953271, 'x_4': 0.3277467411545594, 'x_5': 0.003220611916264, 'x_6': 0.4079925650557621, 'x_7': 0.0, 'x_8': 0.196078431372549}"
glass,model_2layers_20neurons.h5,95,0.0912566184997558,9,"{'x_0': 0.2201591511936271, 'x_1': 0.3913043478260869, 'x_2': 0.7416481069042316, 'x_3': 0.3738317757009345, 'x_4': 0.6461824953445046, 'x_5': 0.107890499194847, 'x_6': 0.2611524163568772, 'x_7': 0.0, 'x_8': 0.0}"
glass,model_2layers_20neurons.h5,96,0.0940744876861572,9,"{'x_0': 0.2851458885941582, 'x_1': 0.5533596837944663, 'x_2': 0.7594654788418708, 'x_3': 0.383177570093458, 'x_4': 0.4152700186219729, 'x_5': 0.0933977455716586, 'x_6': 0.3122676579925649, 'x_7': 0.0, 'x_8': 0.0}"
glass,model_2layers_20neurons.h5,97,0.0880200862884521,9,"{'x_0': 0.4770114942528778, 'x_1': 0.5928853754940713, 'x_2': 0.8552338530066814, 'x_3': 0.1339563862928348, 'x_4': 0.3631284916201114, 'x_5': 0.0273752012882447, 'x_6': 0.4005576208178438, 'x_7': 0.0, 'x_8': 0.0}"
glass,model_2layers_20neurons.h5,98,0.093606948852539,9,"{'x_0': 0.2347480106100903, 'x_1': 0.4189723320158101, 'x_2': 0.7817371937639197, 'x_3': 0.3582554517133955, 'x_4': 0.5959031657355673, 'x_5': 0.109500805152979, 'x_6': 0.2602230483271375, 'x_7': 0.019047619047619, 'x_8': 0.4901960784313725}"
glass,model_2layers_20neurons.h5,99,0.0879659652709961,9,"{'x_0': 0.2807250221043347, 'x_1': 0.4901185770750986, 'x_2': 0.821826280623608, 'x_3': 0.3115264797507788, 'x_4': 0.5214152700186201, 'x_5': 0.0917874396135265, 'x_6': 0.2592936802973977, 'x_7': 0.0, 'x_8': 0.0}"
glass,model_3layers_20neurons.h5,0,0.1265196800231933,9,"{'x_0': 0.4513704686118416, 'x_1': 0.458498023715415, 'x_2': 0.8129175946547883, 'x_3': 0.1806853582554517, 'x_4': 0.4487895716945971, 'x_5': 0.0305958132045088, 'x_6': 0.4107806691449813, 'x_7': 0.0, 'x_8': 0.3333333333333333}"
glass,model_3layers_20neurons.h5,1,0.258718729019165,7,"{'x_0': 0.710875331564992, 'x_1': 0.0573122529644263, 'x_2': 0.0, 'x_3': 0.1433021806853582, 'x_4': 0.6089385474860318, 'x_5': 0.0, 'x_7': 0.0}"
glass,model_3layers_20neurons.h5,2,0.1396663188934326,9,"{'x_0': 0.2117595048629539, 'x_1': 0.5316205533596836, 'x_2': 0.7572383073496659, 'x_3': 0.2897196261682243, 'x_4': 0.5363128491620088, 'x_5': 0.0950080515297906, 'x_6': 0.2685873605947955, 'x_7': 0.0, 'x_8': 0.0}"
glass,model_3layers_20neurons.h5,3,0.1399722099304199,9,"{'x_0': 0.3138815207780681, 'x_1': 0.4525691699604741, 'x_2': 0.8062360801781737, 'x_3': 0.2398753894080997, 'x_4': 0.4711359404096829, 'x_5': 0.1030595813204508, 'x_6': 0.3438661710037175, 'x_7': 0.0, 'x_8': 0.2941176470588235}"
glass,model_3layers_20neurons.h5,4,0.1815414428710937,9,"{'x_0': 0.4783377541998277, 'x_1': 0.6877470355731226, 'x_2': 0.8507795100222716, 'x_3': 0.0560747663551401, 'x_4': 0.3649906890130339, 'x_5': 0.0177133655394524, 'x_6': 0.3847583643122676, 'x_7': 0.0, 'x_8': 0.0}"
glass,model_3layers_20neurons.h5,5,0.2614116668701172,9,"{'x_0': 0.2603890362511123, 'x_1': 0.5237154150197627, 'x_2': 0.7795100222717148, 'x_3': 0.2679127725856697, 'x_4': 0.5661080074487863, 'x_5': 0.0805152979066022, 'x_6': 0.278810408921933, 'x_7': 0.0, 'x_8': 0.0}"
glass,model_3layers_20neurons.h5,6,0.1271560192108154,9,"{'x_0': 0.2400530503978757, 'x_1': 0.4229249011857705, 'x_2': 0.7928730512249442, 'x_3': 0.4205607476635513, 'x_4': 0.6201117318435738, 'x_5': 0.1046698872785829, 'x_6': 0.2379182156133829, 'x_7': 0.0, 'x_8': 0.0}"
glass,model_3layers_20neurons.h5,7,0.2504897117614746,7,"{'x_0': 0.7276746242263528, 'x_1': 0.3774703557312251, 'x_2': 0.0, 'x_3': 0.1183800623052959, 'x_4': 0.4115456238361243, 'x_5': 0.0096618357487922, 'x_7': 0.0}"
glass,model_3layers_20neurons.h5,8,0.1240615844726562,9,"{'x_0': 0.2886825817860341, 'x_1': 0.4644268774703555, 'x_2': 0.77728285077951, 'x_3': 0.308411214953271, 'x_4': 0.5679702048417123, 'x_5': 0.0966183574879227, 'x_6': 0.2843866171003717, 'x_7': 0.0, 'x_8': 0.0}"
glass,model_3layers_20neurons.h5,9,0.1388309001922607,9,"{'x_0': 0.2670203359858476, 'x_1': 0.4525691699604741, 'x_2': 0.7884187082405345, 'x_3': 0.4361370716510903, 'x_4': 0.5437616387337041, 'x_5': 0.0869565217391304, 'x_6': 0.2797397769516727, 'x_7': 0.0, 'x_8': 0.1372549019607843}"
glass,model_3layers_20neurons.h5,10,0.1494545936584472,9,"{'x_0': 0.5234305923961102, 'x_1': 0.5355731225296441, 'x_2': 0.7438752783964364, 'x_3': 0.2928348909657321, 'x_4': 0.4785847299813763, 'x_5': 0.0966183574879227, 'x_6': 0.315985130111524, 'x_7': 0.0, 'x_8': 0.0}"
glass,model_3layers_20neurons.h5,11,0.133561372756958,9,"{'x_0': 0.3138815207780681, 'x_1': 0.4347826086956519, 'x_2': 0.8329621380846325, 'x_3': 0.2554517133956386, 'x_4': 0.4599627560521409, 'x_5': 0.1030595813204508, 'x_6': 0.3280669144981413, 'x_7': 0.0, 'x_8': 0.4313725490196078}"
glass,model_3layers_20neurons.h5,12,0.1109406948089599,9,"{'x_0': 0.4031830238726712, 'x_1': 0.5237154150197627, 'x_2': 0.0, 'x_3': 0.3457943925233644, 'x_4': 0.4543761638733699, 'x_5': 0.0531400966183574, 'x_6': 0.6570631970260221, 'x_7': 0.0, 'x_8': 0.0}"
glass,model_3layers_20neurons.h5,13,0.1599922180175781,9,"{'x_0': 0.2029177718832926, 'x_1': 0.4960474308300395, 'x_2': 0.7438752783964364, 'x_3': 0.3676012461059189, 'x_4': 0.6126629422718786, 'x_5': 0.0628019323671497, 'x_6': 0.2592936802973977, 'x_7': 0.0, 'x_8': 0.0}"
glass,model_3layers_20neurons.h5,14,0.1354687213897705,9,"{'x_0': 0.2055702917771924, 'x_1': 0.4071146245059283, 'x_2': 0.8040089086859687, 'x_3': 0.4143302180685357, 'x_4': 0.5884543761638721, 'x_5': 0.1030595813204508, 'x_6': 0.2453531598513011, 'x_7': 0.0, 'x_8': 0.5098039215686274}"
glass,model_3layers_20neurons.h5,15,0.1703763008117675,9,"{'x_0': 0.3704686118479259, 'x_1': 0.3774703557312251, 'x_2': 0.0, 'x_3': 0.4236760124610591, 'x_4': 0.7337057728119163, 'x_5': 0.0611916264090177, 'x_6': 0.5669144981412637, 'x_7': 0.0, 'x_8': 0.0}"
glass,model_3layers_20neurons.h5,16,0.1446001529693603,9,"{'x_0': 0.0371352785145973, 'x_1': 0.4466403162055337, 'x_2': 0.7728285077951003, 'x_3': 0.2585669781931464, 'x_4': 0.5903165735567963, 'x_5': 0.0998389694041868, 'x_6': 0.2713754646840147, 'x_7': 0.0, 'x_8': 0.6078431372549019}"
glass,model_3layers_20neurons.h5,17,0.223506212234497,9,"{'x_0': 0.4142351900972585, 'x_1': 0.5573122529644268, 'x_2': 0.465478841870824, 'x_3': 0.4299065420560747, 'x_4': 0.4413407821229054, 'x_5': 0.0853462157809984, 'x_6': 0.3847583643122676, 'x_7': 0.0857142857142857, 'x_8': 0.3333333333333333}"
glass,model_3layers_20neurons.h5,18,0.1468338966369629,9,"{'x_0': 0.2272325375773647, 'x_1': 0.5355731225296441, 'x_2': 0.8040089086859687, 'x_3': 0.3894080996884735, 'x_4': 0.4804469273743006, 'x_5': 0.1062801932367149, 'x_6': 0.2416356877323419, 'x_7': 0.0, 'x_8': 0.0}"
glass,model_3layers_20neurons.h5,19,0.1320469379425048,9,"{'x_0': 0.2338638373121142, 'x_1': 0.4466403162055337, 'x_2': 0.7082405345211581, 'x_3': 0.2928348909657321, 'x_4': 0.5884543761638721, 'x_5': 0.0933977455716586, 'x_6': 0.3141263940520445, 'x_7': 0.0, 'x_8': 0.4705882352941176}"
glass,model_3layers_20neurons.h5,20,0.1567053794860839,9,"{'x_0': 0.5654288240495191, 'x_1': 0.6126482213438735, 'x_2': 0.6458797327394209, 'x_3': 0.2741433021806853, 'x_4': 0.2495344506517689, 'x_5': 0.0128824476650563, 'x_6': 0.4981412639405203, 'x_7': 0.0, 'x_8': 0.0}"
glass,model_3layers_20neurons.h5,21,0.2069227695465088,9,"{'x_0': 0.3125552608311182, 'x_1': 0.7094861660079053, 'x_2': 0.7260579064587972, 'x_3': 0.6012461059190031, 'x_4': 0.2681564245810044, 'x_5': 0.2351046698872785, 'x_6': 0.0334572490706319, 'x_7': 0.5174603174603174, 'x_8': 0.0}"
glass,model_3layers_20neurons.h5,22,0.1497292518615722,9,"{'x_0': 0.2029177718832926, 'x_1': 0.4525691699604741, 'x_2': 0.7973273942093541, 'x_3': 0.3800623052959502, 'x_4': 0.6163873370577271, 'x_5': 0.1111111111111111, 'x_6': 0.2351301115241635, 'x_7': 0.0, 'x_8': 0.0}"
glass,model_3layers_20neurons.h5,23,0.2960364818572998,9,"{'x_0': 0.4098143236074207, 'x_1': 0.4189723320158101, 'x_2': 0.3585746102449889, 'x_3': 0.5856697819314641, 'x_4': 0.4413407821229054, 'x_5': 0.1223832528180354, 'x_6': 0.3968401486988846, 'x_7': 0.0761904761904761, 'x_8': 1.0}"
glass,model_3layers_20neurons.h5,24,0.1342835426330566,9,"{'x_0': 0.2723253757736614, 'x_1': 0.4169960474308296, 'x_2': 0.7795100222717148, 'x_3': 0.2647975077881619, 'x_4': 0.6443202979515803, 'x_5': 0.0901771336553945, 'x_6': 0.2899628252788104, 'x_7': 0.0, 'x_8': 0.0}"
glass,model_3layers_20neurons.h5,25,0.1379520893096923,9,"{'x_0': 0.2024756852343046, 'x_1': 0.424901185770751, 'x_2': 0.7639198218262806, 'x_3': 0.3457943925233644, 'x_4': 0.6461824953445046, 'x_5': 0.1111111111111111, 'x_6': 0.2434944237918216, 'x_7': 0.0, 'x_8': 0.4705882352941176}"
glass,model_3layers_20neurons.h5,26,0.1842517852783203,9,"{'x_0': 0.1927497789566814, 'x_1': 0.5059288537549405, 'x_2': 0.7683741648106904, 'x_3': 0.2866043613707165, 'x_4': 0.5456238361266266, 'x_5': 0.0901771336553945, 'x_6': 0.2918215613382899, 'x_7': 0.0, 'x_8': 0.0}"
glass,model_3layers_20neurons.h5,27,0.1443955898284912,9,"{'x_0': 0.3275862068965551, 'x_1': 0.4347826086956519, 'x_2': 0.8151447661469933, 'x_3': 0.3956386292834891, 'x_4': 0.5027932960893846, 'x_5': 0.0933977455716586, 'x_6': 0.2899628252788104, 'x_7': 0.0, 'x_8': 0.2352941176470588}"
glass,model_3layers_20neurons.h5,28,0.1469013690948486,9,"{'x_0': 0.2864721485411081, 'x_1': 0.4901185770750986, 'x_2': 0.755011135857461, 'x_3': 0.32398753894081, 'x_4': 0.5493482309124769, 'x_5': 0.0950080515297906, 'x_6': 0.2936802973977694, 'x_7': 0.0, 'x_8': 0.0}"
glass,model_3layers_20neurons.h5,29,0.1518309116363525,9,"{'x_0': 0.2316534040672024, 'x_1': 0.5296442687747036, 'x_2': 0.755011135857461, 'x_3': 0.308411214953271, 'x_4': 0.5270018621973911, 'x_5': 0.0837359098228663, 'x_6': 0.2992565055762082, 'x_7': 0.0, 'x_8': 0.0}"
glass,model_3layers_20neurons.h5,30,0.1399633884429931,9,"{'x_0': 0.2984084880636573, 'x_1': 0.4486166007905137, 'x_2': 0.8463251670378619, 'x_3': 0.2461059190031152, 'x_4': 0.6070763500931076, 'x_5': 0.0901771336553945, 'x_6': 0.2741635687732342, 'x_7': 0.0, 'x_8': 0.2352941176470588}"
glass,model_3layers_20neurons.h5,31,0.1516575813293457,9,"{'x_0': 0.247126436781599, 'x_1': 0.5138339920948614, 'x_2': 0.7884187082405345, 'x_3': 0.4112149532710279, 'x_4': 0.5083798882681556, 'x_5': 0.109500805152979, 'x_6': 0.2490706319702601, 'x_7': 0.0, 'x_8': 0.0}"
glass,model_3layers_20neurons.h5,32,0.1427452564239502,9,"{'x_0': 0.3514588859416534, 'x_1': 0.4881422924901182, 'x_2': 0.7416481069042316, 'x_3': 0.308411214953271, 'x_4': 0.4748603351955296, 'x_5': 0.0966183574879227, 'x_6': 0.3447955390334573, 'x_7': 0.0, 'x_8': 0.2156862745098039}"
glass,model_3layers_20neurons.h5,33,0.1217007637023925,9,"{'x_0': 0.3364279398762164, 'x_1': 0.539525691699605, 'x_2': 0.8530066815144766, 'x_3': 0.3021806853582555, 'x_4': 0.5102420856610781, 'x_5': 0.0917874396135265, 'x_6': 0.258364312267658, 'x_7': 0.0, 'x_8': 0.2745098039215686}"
glass,model_3layers_20neurons.h5,34,0.1633772850036621,9,"{'x_0': 0.4509283819628678, 'x_1': 0.0592885375494067, 'x_2': 0.3808463251670378, 'x_3': 0.3956386292834891, 'x_4': 0.675977653631282, 'x_5': 0.0933977455716586, 'x_6': 0.5752788104089217, 'x_7': 0.0, 'x_8': 0.0}"
glass,model_3layers_20neurons.h5,35,0.1317641735076904,9,"{'x_0': 0.2758620689655089, 'x_1': 0.3913043478260869, 'x_2': 0.7616926503340756, 'x_3': 0.2834890965732087, 'x_4': 0.6312849162011158, 'x_5': 0.0950080515297906, 'x_6': 0.2983271375464684, 'x_7': 0.0, 'x_8': 0.0}"
glass,model_3layers_20neurons.h5,36,0.1782784461975097,9,"{'x_0': 0.4624226348364288, 'x_1': 0.4881422924901182, 'x_2': 0.8195991091314031, 'x_3': 0.2679127725856697, 'x_4': 0.5474860335195508, 'x_5': 0.0869565217391304, 'x_6': 0.287174721189591, 'x_7': 0.0, 'x_8': 0.0}"
glass,model_3layers_20neurons.h5,37,0.1298379898071289,9,"{'x_0': 0.2130857648099038, 'x_1': 0.6304347826086953, 'x_2': 0.7839643652561247, 'x_3': 0.2990654205607477, 'x_4': 0.5716945996275573, 'x_5': 0.0595813204508856, 'x_6': 0.233271375464684, 'x_7': 0.0, 'x_8': 0.2745098039215686}"
glass,model_3layers_20neurons.h5,38,0.138498306274414,9,"{'x_0': 0.2303271441202525, 'x_1': 0.5592885375494072, 'x_2': 0.7951002227171491, 'x_3': 0.3676012461059189, 'x_4': 0.4916201117318426, 'x_5': 0.1030595813204508, 'x_6': 0.2351301115241635, 'x_7': 0.0, 'x_8': 0.0}"
glass,model_3layers_20neurons.h5,39,0.1350700855255127,9,"{'x_0': 0.2926613616268838, 'x_1': 0.4901185770750986, 'x_2': 0.7750556792873051, 'x_3': 0.3489096573208722, 'x_4': 0.5270018621973911, 'x_5': 0.0950080515297906, 'x_6': 0.278810408921933, 'x_7': 0.0, 'x_8': 0.0}"
glass,model_3layers_20neurons.h5,40,0.1339025497436523,9,"{'x_0': 0.2564102564102484, 'x_1': 0.426877470355731, 'x_2': 0.8062360801781737, 'x_3': 0.3987538940809969, 'x_4': 0.586592178770946, 'x_5': 0.0982286634460547, 'x_6': 0.2490706319702601, 'x_7': 0.0, 'x_8': 0.0}"
glass,model_3layers_20neurons.h5,41,0.3303544521331787,8,"{'x_0': 0.2175066312997273, 'x_2': 0.0, 'x_3': 0.806853582554517, 'x_4': 0.5214152700186201, 'x_5': 0.0128824476650563, 'x_6': 0.3485130111524163, 'x_7': 0.3365079365079365, 'x_8': 0.0}"
glass,model_3layers_20neurons.h5,42,0.3039796352386474,9,"{'x_0': 0.2550839964633127, 'x_1': 0.5909090909090908, 'x_2': 0.8195991091314031, 'x_3': 0.4735202492211837, 'x_4': 0.4189944134078196, 'x_5': 0.1030595813204508, 'x_6': 0.2276951672862452, 'x_7': 0.0, 'x_8': 0.0}"
glass,model_3layers_20neurons.h5,43,0.1653099060058593,9,"{'x_0': 0.2152961980548298, 'x_1': 0.5533596837944663, 'x_2': 0.7906458797327394, 'x_3': 0.3894080996884735, 'x_4': 0.5921787709497188, 'x_5': 0.0628019323671497, 'x_6': 0.2184014869888475, 'x_7': 0.0, 'x_8': 0.0}"
glass,model_3layers_20neurons.h5,44,0.1383030414581298,9,"{'x_0': 0.2192749778956653, 'x_1': 0.4486166007905137, 'x_2': 0.7973273942093541, 'x_3': 0.3894080996884735, 'x_4': 0.5623836126629396, 'x_5': 0.0982286634460547, 'x_6': 0.2425650557620816, 'x_7': 0.0, 'x_8': 0.0}"
glass,model_3layers_20neurons.h5,45,0.1487617492675781,9,"{'x_0': 0.3262599469496052, 'x_1': 0.4861660079051382, 'x_2': 0.7505567928730512, 'x_3': 0.277258566978193, 'x_4': 0.5418994413407798, 'x_5': 0.0917874396135265, 'x_6': 0.315985130111524, 'x_7': 0.0, 'x_8': 0.3137254901960784}"
glass,model_3layers_20neurons.h5,46,0.1496462821960449,9,"{'x_0': 0.2458001768346633, 'x_1': 0.4940711462450591, 'x_2': 0.7884187082405345, 'x_3': 0.3707165109034267, 'x_4': 0.5642458100558656, 'x_5': 0.0901771336553945, 'x_6': 0.2481412639405203, 'x_7': 0.0, 'x_8': 0.0}"
glass,model_3layers_20neurons.h5,47,0.1906661987304687,9,"{'x_0': 0.4199823165340461, 'x_1': 0.6027667984189722, 'x_2': 0.5077951002227171, 'x_3': 0.3551401869158878, 'x_4': 0.4059590316573533, 'x_5': 0.0789049919484702, 'x_6': 0.4107806691449813, 'x_7': 0.0, 'x_8': 0.3333333333333333}"
glass,model_3layers_20neurons.h5,48,0.1467113494873047,9,"{'x_0': 0.2183908045977034, 'x_1': 0.5197628458498023, 'x_2': 0.7973273942093541, 'x_3': 0.3738317757009345, 'x_4': 0.5418994413407798, 'x_5': 0.072463768115942, 'x_6': 0.258364312267658, 'x_7': 0.0, 'x_8': 0.0}"
glass,model_3layers_20neurons.h5,49,0.1511621475219726,9,"{'x_0': 0.2400530503978757, 'x_1': 0.4071146245059283, 'x_2': 0.7839643652561247, 'x_3': 0.3894080996884735, 'x_4': 0.6610800744878933, 'x_5': 0.1062801932367149, 'x_6': 0.2295539033457249, 'x_7': 0.0, 'x_8': 0.0}"
glass,model_3layers_20neurons.h5,50,0.2173759937286377,9,"{'x_0': 0.3439434129089278, 'x_1': 0.6245059288537549, 'x_2': 0.7861915367483295, 'x_3': 0.3208722741433022, 'x_4': 0.3724394785847291, 'x_5': 0.0821256038647343, 'x_6': 0.3113382899628252, 'x_7': 0.0349206349206349, 'x_8': 0.0}"
glass,model_3layers_20neurons.h5,51,0.1506361961364746,9,"{'x_0': 0.3165340406719679, 'x_1': 0.4683794466403159, 'x_2': 0.8841870824053452, 'x_3': 0.2803738317757009, 'x_4': 0.4897579143389183, 'x_5': 0.0966183574879227, 'x_6': 0.278810408921933, 'x_7': 0.0, 'x_8': 0.0}"
glass,model_3layers_20neurons.h5,52,0.2009191513061523,9,"{'x_0': 0.3740053050397875, 'x_1': 0.6086956521739131, 'x_2': 0.7973273942093541, 'x_3': 0.3208722741433022, 'x_4': 0.3556797020484161, 'x_5': 0.0193236714975845, 'x_6': 0.3011152416356877, 'x_7': 0.219047619047619, 'x_8': 0.0}"
glass,model_3layers_20neurons.h5,53,0.1354048252105713,9,"{'x_0': 0.2674624226348356, 'x_1': 0.4051383399209483, 'x_2': 0.8062360801781737, 'x_3': 0.3115264797507788, 'x_4': 0.5549348230912479, 'x_5': 0.0950080515297906, 'x_6': 0.3039033457249069, 'x_7': 0.0, 'x_8': 0.0}"
glass,model_3layers_20neurons.h5,54,0.1531605720520019,9,"{'x_0': 0.2908930150309459, 'x_1': 0.4861660079051382, 'x_2': 0.8685968819599108, 'x_3': 0.3146417445482866, 'x_4': 0.4692737430167586, 'x_5': 0.0885668276972624, 'x_6': 0.2797397769516727, 'x_7': 0.0, 'x_8': 0.5490196078431373}"
glass,model_3layers_20neurons.h5,55,0.1286268234252929,9,"{'x_0': 0.2307692307692264, 'x_1': 0.2411067193675884, 'x_2': 0.0, 'x_3': 0.2803738317757009, 'x_4': 1.0, 'x_5': 0.4347826086956521, 'x_6': 0.3252788104089218, 'x_7': 0.0, 'x_8': 0.0}"
glass,model_3layers_20neurons.h5,56,0.1381154060363769,9,"{'x_0': 0.274977895667547, 'x_1': 0.3636363636363633, 'x_2': 0.7728285077951003, 'x_3': 0.3395638629283488, 'x_4': 0.6666666666666643, 'x_5': 0.0966183574879227, 'x_6': 0.2899628252788104, 'x_7': 0.0, 'x_8': 0.1176470588235294}"
glass,model_3layers_20neurons.h5,57,0.2752554416656494,9,"{'x_0': 0.2793987621573848, 'x_1': 0.4090909090909091, 'x_2': 0.8151447661469933, 'x_3': 0.3052959501557633, 'x_4': 0.5959031657355673, 'x_5': 0.0966183574879227, 'x_6': 0.2908921933085502, 'x_7': 0.0, 'x_8': 0.0}"
glass,model_3layers_20neurons.h5,58,0.249150276184082,9,"{'x_0': 0.2250221043324529, 'x_1': 0.7193675889328062, 'x_2': 0.0, 'x_3': 0.7632398753894081, 'x_4': 0.5661080074487863, 'x_5': 0.0, 'x_6': 0.3736059479553901, 'x_7': 0.1714285714285714, 'x_8': 0.0}"
glass,model_3layers_20neurons.h5,59,0.2359223365783691,8,"{'x_0': 0.169319186560557, 'x_1': 0.6482213438735176, 'x_2': 0.5968819599109131, 'x_3': 1.0, 'x_5': 0.2705314009661835, 'x_6': 0.0408921933085502, 'x_7': 0.6984126984126985, 'x_8': 0.0}"
glass,model_3layers_20neurons.h5,60,0.1344397068023681,9,"{'x_0': 0.2705570291777093, 'x_1': 0.5079051383399209, 'x_2': 0.8017817371937639, 'x_3': 0.2647975077881619, 'x_4': 0.6108007448789561, 'x_5': 0.0933977455716586, 'x_6': 0.2546468401486988, 'x_7': 0.0, 'x_8': 0.0}"
glass,model_3layers_20neurons.h5,61,0.1363048553466797,9,"{'x_0': 0.2608311229000861, 'x_1': 0.4229249011857705, 'x_2': 0.7750556792873051, 'x_3': 0.32398753894081, 'x_4': 0.6014897579143383, 'x_5': 0.0901771336553945, 'x_6': 0.278810408921933, 'x_7': 0.0, 'x_8': 0.0}"
glass,model_3layers_20neurons.h5,62,0.1413769721984863,9,"{'x_0': 0.2369584438549878, 'x_1': 0.4367588932806323, 'x_2': 0.8040089086859687, 'x_3': 0.3021806853582555, 'x_4': 0.5474860335195508, 'x_5': 0.0901771336553945, 'x_6': 0.2946096654275092, 'x_7': 0.0, 'x_8': 0.0}"
glass,model_3layers_20neurons.h5,63,0.287980318069458,8,"{'x_0': 0.2656940760388977, 'x_2': 0.0, 'x_3': 0.4704049844236759, 'x_4': 0.5921787709497188, 'x_5': 0.0, 'x_6': 0.2955390334572489, 'x_7': 0.492063492063492, 'x_8': 0.0}"
glass,model_3layers_20neurons.h5,64,0.1429975032806396,9,"{'x_0': 0.3183023872679058, 'x_1': 0.4881422924901182, 'x_2': 0.8084632516703786, 'x_3': 0.2429906542056074, 'x_4': 0.5623836126629396, 'x_5': 0.0917874396135265, 'x_6': 0.2769516728624535, 'x_7': 0.0285714285714285, 'x_8': 0.3333333333333333}"
glass,model_3layers_20neurons.h5,65,0.1363341808319091,9,"{'x_0': 0.2701149425287354, 'x_1': 0.50197628458498, 'x_2': 0.8062360801781737, 'x_3': 0.2959501557632399, 'x_4': 0.6089385474860318, 'x_5': 0.0885668276972624, 'x_6': 0.2453531598513011, 'x_7': 0.0, 'x_8': 0.0}"
glass,model_3layers_20neurons.h5,66,0.1304452419281005,9,"{'x_0': 0.2847038019451844, 'x_1': 0.4189723320158101, 'x_2': 0.7750556792873051, 'x_3': 0.2928348909657321, 'x_4': 0.5884543761638721, 'x_5': 0.0982286634460547, 'x_6': 0.2908921933085502, 'x_7': 0.0285714285714285, 'x_8': 0.4313725490196078}"
glass,model_3layers_20neurons.h5,67,0.1922371387481689,9,"{'x_0': 0.3037135278514569, 'x_1': 0.5909090909090908, 'x_2': 0.0, 'x_3': 0.0841121495327102, 'x_4': 0.8640595903165718, 'x_5': 0.0, 'x_6': 0.516728624535316, 'x_7': 0.0, 'x_8': 0.0}"
glass,model_3layers_20neurons.h5,68,0.2766833305358886,8,"{'x_0': 0.1878868258178556, 'x_1': 0.620553359683794, 'x_2': 0.0, 'x_3': 0.7009345794392523, 'x_5': 0.0225442834138486, 'x_6': 0.3698884758364311, 'x_7': 0.2571428571428572, 'x_8': 0.0196078431372549}"
glass,model_3layers_20neurons.h5,69,0.1850183010101318,9,"{'x_0': 0.3160919540229798, 'x_1': 0.5296442687747036, 'x_2': 0.866369710467706, 'x_3': 0.32398753894081, 'x_4': 0.4785847299813763, 'x_5': 0.0821256038647343, 'x_6': 0.2648698884758363, 'x_7': 0.0, 'x_8': 0.0}"
glass,model_3layers_20neurons.h5,70,0.1439409255981445,9,"{'x_0': 0.2382847038019377, 'x_1': 0.4960474308300395, 'x_2': 0.7951002227171491, 'x_3': 0.3395638629283488, 'x_4': 0.5381750465549331, 'x_5': 0.0901771336553945, 'x_6': 0.2797397769516727, 'x_7': 0.0, 'x_8': 0.196078431372549}"
glass,model_3layers_20neurons.h5,71,0.1310479640960693,9,"{'x_0': 0.1945181255526051, 'x_1': 0.3932806324110669, 'x_2': 0.7706013363028953, 'x_3': 0.3956386292834891, 'x_4': 0.6312849162011158, 'x_5': 0.107890499194847, 'x_6': 0.2472118959107806, 'x_7': 0.0, 'x_8': 0.4705882352941176}"
glass,model_3layers_20neurons.h5,72,0.1392638683319091,9,"{'x_0': 0.4602122015915171, 'x_1': 0.5494071146245059, 'x_2': 0.8596881959910913, 'x_3': 0.1838006230529595, 'x_4': 0.3687150837988824, 'x_5': 0.037037037037037, 'x_6': 0.3819702602230481, 'x_7': 0.0, 'x_8': 0.2156862745098039}"
glass,model_3layers_20neurons.h5,73,0.1457917690277099,9,"{'x_0': 0.2396109637488876, 'x_1': 0.5079051383399209, 'x_2': 0.8106904231625834, 'x_3': 0.3862928348909658, 'x_4': 0.5065176908752314, 'x_5': 0.1046698872785829, 'x_6': 0.2416356877323419, 'x_7': 0.0, 'x_8': 0.5686274509803921}"
glass,model_3layers_20neurons.h5,74,0.14817476272583,9,"{'x_0': 0.236074270557026, 'x_1': 0.4762845849802373, 'x_2': 0.7683741648106904, 'x_3': 0.4579439252336448, 'x_4': 0.4972067039106136, 'x_5': 0.0966183574879227, 'x_6': 0.2741635687732342, 'x_7': 0.0, 'x_8': 0.3333333333333333}"
glass,model_3layers_20neurons.h5,75,0.1096415519714355,9,"{'x_0': 0.5473032714412085, 'x_1': 0.5355731225296441, 'x_2': 0.0, 'x_3': 0.4018691588785047, 'x_4': 0.4487895716945971, 'x_5': 0.0515297906602254, 'x_6': 0.6328996282527879, 'x_7': 0.0, 'x_8': 0.0}"
glass,model_3layers_20neurons.h5,76,0.1671395301818847,9,"{'x_0': 0.4288240495137074, 'x_1': 0.575098814229249, 'x_2': 1.0, 'x_3': 0.2523364485981308, 'x_4': 0.3668528864059581, 'x_5': 0.0096618357487922, 'x_6': 0.3085501858736059, 'x_7': 0.0, 'x_8': 0.0}"
glass,model_3layers_20neurons.h5,77,0.2665820121765136,8,"{'x_0': 0.2599469496021243, 'x_1': 0.7944664031620552, 'x_2': 0.0, 'x_3': 0.5327102803738317, 'x_5': 0.0, 'x_6': 0.2881040892193307, 'x_7': 0.5047619047619047, 'x_8': 0.1568627450980392}"
glass,model_3layers_20neurons.h5,78,0.2195563316345214,9,"{'x_0': 0.2175066312997273, 'x_1': 0.6857707509881421, 'x_2': 0.0, 'x_3': 0.778816199376947, 'x_4': 0.6797020484171288, 'x_5': 0.0064412238325281, 'x_6': 0.3355018587360593, 'x_7': 0.1269841269841269, 'x_8': 0.1764705882352941}"
glass,model_3layers_20neurons.h5,79,0.144468069076538,9,"{'x_0': 0.1958443854995692, 'x_1': 0.8162055335968379, 'x_2': 0.8173719376391981, 'x_3': 0.4517133956386292, 'x_4': 0.3836126629422711, 'x_5': 0.0257648953301127, 'x_6': 0.1793680297397769, 'x_7': 0.0, 'x_8': 0.2352941176470588}"
glass,model_3layers_20neurons.h5,80,0.287928819656372,8,"{'x_0': 0.2298850574712645, 'x_2': 0.0, 'x_3': 0.514018691588785, 'x_4': 0.7076350093109856, 'x_5': 0.0, 'x_6': 0.2834572490706319, 'x_7': 0.4984126984126984, 'x_8': 0.0}"
glass,model_3layers_20neurons.h5,81,0.1306118965148925,9,"{'x_0': 0.4602122015915171, 'x_1': 0.543478260869565, 'x_2': 0.8329621380846325, 'x_3': 0.190031152647975, 'x_4': 0.4096834264432019, 'x_5': 0.0289855072463768, 'x_6': 0.3884758364312266, 'x_7': 0.0, 'x_8': 0.1372549019607843}"
glass,model_3layers_20neurons.h5,82,0.137538194656372,9,"{'x_0': 0.289566755083996, 'x_1': 0.3952569169960473, 'x_2': 0.7639198218262806, 'x_3': 0.2803738317757009, 'x_4': 0.5847299813780253, 'x_5': 0.0998389694041868, 'x_6': 0.3094795539033457, 'x_7': 0.0, 'x_8': 0.588235294117647}"
glass,model_3layers_20neurons.h5,83,0.1678640842437744,9,"{'x_0': 0.459770114942529, 'x_1': 0.1640316205533594, 'x_2': 0.4187082405345211, 'x_3': 0.3956386292834891, 'x_4': 0.5679702048417123, 'x_5': 0.0756843800322061, 'x_6': 0.5557620817843865, 'x_7': 0.0, 'x_8': 0.0}"
glass,model_3layers_20neurons.h5,84,0.1338400840759277,9,"{'x_0': 0.2816091954022965, 'x_1': 0.3616600790513833, 'x_2': 0.7839643652561247, 'x_3': 0.3551401869158878, 'x_4': 0.6219739292364981, 'x_5': 0.0917874396135265, 'x_6': 0.2890334572490705, 'x_7': 0.0, 'x_8': 0.0}"
glass,model_3layers_20neurons.h5,85,0.1417398452758789,9,"{'x_0': 0.2926613616268838, 'x_1': 0.4071146245059283, 'x_2': 0.7795100222717148, 'x_3': 0.2585669781931464, 'x_4': 0.5996275605214141, 'x_5': 0.1030595813204508, 'x_6': 0.3104089219330854, 'x_7': 0.0, 'x_8': 0.0}"
glass,model_3layers_20neurons.h5,86,0.1589291095733642,9,"{'x_0': 0.4823165340406632, 'x_1': 0.7312252964426875, 'x_2': 0.0, 'x_3': 0.2211838006230529, 'x_4': 0.5325884543761621, 'x_5': 0.0161030595813204, 'x_6': 0.565985130111524, 'x_7': 0.0, 'x_8': 0.1568627450980392}"
glass,model_3layers_20neurons.h5,87,0.1718096733093261,9,"{'x_0': 0.2546419098143246, 'x_1': 0.543478260869565, 'x_2': 0.7750556792873051, 'x_3': 0.4423676012461058, 'x_4': 0.5046554934823071, 'x_5': 0.0998389694041868, 'x_6': 0.2379182156133829, 'x_7': 0.0, 'x_8': 0.0}"
glass,model_3layers_20neurons.h5,88,0.1395280361175537,9,"{'x_0': 0.2740937223695852, 'x_1': 0.4110671936758892, 'x_2': 0.7951002227171491, 'x_3': 0.3302180685358256, 'x_4': 0.5977653631284898, 'x_5': 0.0998389694041868, 'x_6': 0.2936802973977694, 'x_7': 0.0, 'x_8': 0.0}"
glass,model_3layers_20neurons.h5,89,0.114347219467163,9,"{'x_0': 0.2276746242263385, 'x_1': 0.4565217391304346, 'x_2': 0.7572383073496659, 'x_3': 0.3021806853582555, 'x_4': 0.5959031657355673, 'x_5': 0.0837359098228663, 'x_6': 0.2927509293680297, 'x_7': 0.0, 'x_8': 0.0}"
glass,model_3layers_20neurons.h5,90,0.2750811576843261,8,"{'x_0': 0.1768346595932826, 'x_1': 0.7213438735177866, 'x_2': 0.0, 'x_3': 0.7383177570093458, 'x_5': 0.0064412238325281, 'x_6': 0.3392193308550185, 'x_7': 0.2031746031746031, 'x_8': 0.0}"
glass,model_3layers_20neurons.h5,91,0.1472649574279785,9,"{'x_0': 0.2042440318302425, 'x_1': 0.4980237154150195, 'x_2': 0.7683741648106904, 'x_3': 0.3551401869158878, 'x_4': 0.6256983240223448, 'x_5': 0.0982286634460547, 'x_6': 0.2258364312267657, 'x_7': 0.0, 'x_8': 0.0}"
glass,model_3layers_20neurons.h5,92,0.1863503456115722,9,"{'x_0': 0.4783377541998277, 'x_1': 0.6877470355731226, 'x_2': 0.8507795100222716, 'x_3': 0.0560747663551401, 'x_4': 0.3649906890130339, 'x_5': 0.0177133655394524, 'x_6': 0.3847583643122676, 'x_7': 0.0, 'x_8': 0.0}"
glass,model_3layers_20neurons.h5,93,0.2397160530090332,9,"{'x_0': 0.0839964633068035, 'x_1': 0.4486166007905137, 'x_2': 0.0, 'x_3': 0.8504672897196262, 'x_4': 0.1657355679702039, 'x_5': 1.0, 'x_6': 0.1394052044609665, 'x_7': 0.0, 'x_8': 0.0}"
glass,model_3layers_20neurons.h5,94,0.1277518272399902,9,"{'x_0': 0.6790450928381944, 'x_1': 0.6442687747035571, 'x_2': 0.8240534521158129, 'x_3': 0.1308411214953271, 'x_4': 0.3277467411545594, 'x_5': 0.003220611916264, 'x_6': 0.4079925650557621, 'x_7': 0.0, 'x_8': 0.196078431372549}"
glass,model_3layers_20neurons.h5,95,0.1414053440093994,9,"{'x_0': 0.2201591511936271, 'x_1': 0.3913043478260869, 'x_2': 0.7416481069042316, 'x_3': 0.3738317757009345, 'x_4': 0.6461824953445046, 'x_5': 0.107890499194847, 'x_6': 0.2611524163568772, 'x_7': 0.0, 'x_8': 0.0}"
glass,model_3layers_20neurons.h5,96,0.1509861946105957,9,"{'x_0': 0.2851458885941582, 'x_1': 0.5533596837944663, 'x_2': 0.7594654788418708, 'x_3': 0.383177570093458, 'x_4': 0.4152700186219729, 'x_5': 0.0933977455716586, 'x_6': 0.3122676579925649, 'x_7': 0.0, 'x_8': 0.0}"
glass,model_3layers_20neurons.h5,97,0.1776156425476074,9,"{'x_0': 0.4770114942528778, 'x_1': 0.5928853754940713, 'x_2': 0.8552338530066814, 'x_3': 0.1339563862928348, 'x_4': 0.3631284916201114, 'x_5': 0.0273752012882447, 'x_6': 0.4005576208178438, 'x_7': 0.0, 'x_8': 0.0}"
glass,model_3layers_20neurons.h5,98,0.13584566116333,9,"{'x_0': 0.2347480106100903, 'x_1': 0.4189723320158101, 'x_2': 0.7817371937639197, 'x_3': 0.3582554517133955, 'x_4': 0.5959031657355673, 'x_5': 0.109500805152979, 'x_6': 0.2602230483271375, 'x_7': 0.019047619047619, 'x_8': 0.4901960784313725}"
glass,model_3layers_20neurons.h5,99,0.14783501625061035,9,"{'x_0': 0.2807250221043347, 'x_1': 0.4901185770750986, 'x_2': 0.821826280623608, 'x_3': 0.3115264797507788, 'x_4': 0.5214152700186201, 'x_5': 0.0917874396135265, 'x_6': 0.2592936802973977, 'x_7': 0.0, 'x_8': 0.0}"
